symbol,issuer,cuit,sector,currency,settlement,price,bid,ask,volume,spread_abs,spread_pct,years_to_maturity,maturity_date,liquidity_score,is_mapped
YMCXX,YPF S.A.,30546689979,Energía - Petróleo y Gas,ARS,2,160636.6,0.0,0.0,2972000384.87,,,5.2841,2031-09-11,73.23,True
TLCPO,Telecom Argentina S.A.,30639453738,Telecomunicaciones,ARS,2,159000.0,155000.0,164000.0,762134598.8,9000.0,5.8065,6.9952,2033-05-28,89.96,True
YMCXO,YPF S.A.,30546689979,Energía - Petróleo y Gas,ARS,2,161000.0,160150.0,162600.0,743736348.6,2450.0,1.5298,5.2841,2031-09-11,91.77,True
PLC4O,Pluspetrol S.A.,30678224010,Energía - Petróleo y Gas,ARS,2,156650.0,0.0,0.0,398860800.0,,,6.0014,2032-05-30,73.07,True
T671O,Tarjeta Naranja S.A.U.,30685376349,Financiero - Consumo,ARS,2,100.9,0.0,0.0,329943000.0,,,0.9774,2027-05-22,73.01,True
PNECO,Pan American Energy LLC (PAE Sucursal),30714813583,Energía - Petróleo y Gas,ARS,2,124300.0,76600.0,0.0,310750000.0,,,5.117,2031-07-12,72.96,True
TTCEO,Tecpetrol S.A.,30592665472,Energía - Petróleo y Gas,ARS,2,143190.0,0.0,0.0,238356543.1,,,2.976,2029-05-21,72.9,True
PQCSO,Petroquímica Comodoro Rivadavia S.A.,30563598111,Industria - Petroquímica,ARS,2,148790.0,0.0,150000.0,222235243.5,,,4.7201,2031-02-17,72.85,True
YMCIO,YPF S.A.,30546689979,Energía - Petróleo y Gas,ARS,2,160000.0,154910.0,162400.0,222221445.0,7490.0,4.8351,3.091,2029-07-02,89.8,True
YMCJO,YPF S.A.,30546689979,Energía - Petróleo y Gas,ARS,2,151000.0,148000.0,153000.0,221370141.6,5000.0,3.3784,7.3374,2033-09-30,90.45,True
YM39O,YPF S.A.,30546689979,Energía - Petróleo y Gas,ARS,2,164400.0,0.0,0.0,191231006.8,,,4.1451,2030-07-22,72.68,True
PN35O,Pan American Energy LLC (PAE Sucursal),30714813583,Energía - Petróleo y Gas,ARS,2,151900.0,0.0,0.0,181140966.4,,,3.3292,2029-09-27,72.62,True
YM38O,YPF S.A.,30546689979,Energía - Petróleo y Gas,ARS,2,150150.0,0.0,0.0,170562397.1,,,1.1444,2027-07-22,72.57,True
MSSGO,MSU S.A.,30607597193,Energía,ARS,2,144000.0,0.0,148500.0,109502880.1,,,2.8802,2029-04-16,72.51,True
TTC9O,Tecpetrol S.A.,30592665472,Energía - Petróleo y Gas,ARS,2,150200.0,0.0,156500.0,95951247.4,,,3.4031,2029-10-24,72.46,True
OZC3O,EMPRESA DISTRIB DE ELECTRICIDAD DE MENDOZA S.A.,30699542454,,ARS,2,144500.0,0.0,147790.0,87781288.4,,,1.5003,2027-11-29,72.4,True
CACBO,Capex S.A.,30629827060,Energía - Electricidad,ARS,2,146490.0,0.0,0.0,75288367.4,,,2.0507,2028-06-17,72.34,True
CS48O,Cresud S.A.C.I.F. y A.,30509300700,Agro - Real Estate,ARS,2,154820.0,0.0,0.0,71505901.1,,,2.1164,2028-07-11,72.29,True
CS45O,Cresud S.A.C.I.F. y A.,30509300700,Agro - Real Estate,ARS,1,151860.0,0.0,0.0,66898885.8,,,0.23,2026-08-22,72.23,True
XMC1O,Minera Exar S.A.,30709667587,Minería - Litio,ARS,2,146490.0,145100.0,0.0,62263169.1,,,1.4511,2027-11-11,72.18,True
IRCLO,IRSA Inversiones y Representaciones S.A.,30524688673,Real Estate,ARS,2,147500.0,0.0,0.0,57595436.0,,,0.0301,2026-06-10,72.12,True
YM37O,YPF S.A.,30546689979,Energía - Petróleo y Gas,ARS,2,148150.0,0.0,0.0,54842622.7,,,0.9363,2027-05-07,72.07,True
TLCOO,Telecom Argentina S.A.,30639453738,Telecomunicaciones,ARS,2,147830.0,0.0,0.0,54130757.6,,,2.4997,2028-11-28,72.01,True
YM38O,YPF S.A.,30546689979,Energía - Petróleo y Gas,ARS,1,149860.0,0.0,0.0,53177208.9,,,1.1444,2027-07-22,71.95,True
SNEAO,SION S.A.,30690076043,,ARS,2,63000.0,59000.0,67500.0,51383616.0,8500.0,14.4068,3.1239,2029-07-14,87.82,True
MGCQO,Pampa Energía S.A.,30526552659,Energía - Electricidad,ARS,2,154370.0,0.0,168500.0,50976726.2,,,2.1875,2028-08-06,71.84,True
RC2CO,ARCOR S.A.I.C.,30502793175,,ARS,2,146300.0,0.0,0.0,50097353.0,,,0.3532,2026-10-06,71.79,True
ARC1O,Aeropuertos Argentina 2000 S.A.,30696170580,Infraestructura - Aeropuertos,ARS,2,153720.0,0.0,0.0,49300300.0,,,5.1718,2031-08-01,71.73,True
HJCKO,John Deere Credit Cía. Financiera S.A.,30707024859,Financiero - Crédito Industrial,ARS,2,150700.0,0.0,0.0,48520900.0,,,2.6338,2029-01-16,71.68,True
MTCGO,Mastellone Hermanos S.A.,30547242331,Alimentos - Lácteos,ARS,2,151150.0,0.0,151300.0,45560265.0,,,0.0849,2026-06-30,71.62,True
MGCNO,Pampa Energía S.A.,30526552659,Energía - Electricidad,ARS,2,147800.0,0.0,0.0,45227017.7,,,2.3491,2028-10-04,71.56,True
YMCYO,YPF S.A.,30546689979,Energía - Petróleo y Gas,ARS,2,149380.0,0.0,0.0,43093766.1,,,2.3655,2028-10-10,71.51,True
PLC3O,Pluspetrol S.A.,30678224010,Energía - Petróleo y Gas,ARS,2,151370.0,0.0,0.0,40010310.7,,,1.9192,2028-04-30,71.45,True
YMCXO,YPF S.A.,30546689979,Energía - Petróleo y Gas,ARS,1,162400.0,0.0,0.0,39048842.5,,,5.2841,2031-09-11,71.4,True
YM39O,YPF S.A.,30546689979,Energía - Petróleo y Gas,ARS,1,163500.0,0.0,0.0,38037884.2,,,4.1451,2030-07-22,71.34,True
TLCWO,Telecom Argentina S.A.,30639453738,Telecomunicaciones,ARS,1,142570.0,0.0,0.0,35642500.0,,,3.9973,2030-05-29,71.29,True
DEC2O,Empresa Distrib. de Electricidad Salta S.A.,30690633635,Energía - Electricidad,ARS,2,144110.0,143600.0,147500.0,28967065.0,3900.0,2.7159,0.7392,2027-02-24,89.45,True
BYCWO,Banco de Galicia y Buenos Aires S.A.,30500001735,Financiero - Bancos,ARS,2,147710.0,0.1,0.0,27937100.0,,,0.5038,2026-11-30,71.17,True
PN34O,Pan American Energy LLC (PAE Sucursal),30714813583,Energía - Petróleo y Gas,ARS,2,148300.0,0.0,0.0,26633591.6,,,1.3279,2027-09-27,71.12,True
YMCIO,YPF S.A.,30546689979,Energía - Petróleo y Gas,ARS,1,159940.0,0.0,0.0,26594312.0,,,3.091,2029-07-02,71.06,True
YMCJO,YPF S.A.,30546689979,Energía - Petróleo y Gas,ARS,1,150300.0,0.0,0.0,23667637.3,,,7.3374,2033-09-30,71.01,True
MR39O,Generación Mediterránea / Central Térmica Roca S.A.,33711944899,Energía - Electricidad,ARS,2,110000.0,0.0,0.0,20836737.8,,,5.4237,2031-11-01,70.95,True
CS49O,Cresud S.A.C.I.F. y A.,30509300700,Agro - Real Estate,ARS,2,152000.0,0.0,0.0,20580321.0,,,1.2594,2027-09-02,70.9,True
MSSFO,MSU S.A.,30607597193,Energía,ARS,2,145810.0,0.0,0.0,20392833.9,,,1.1472,2027-07-23,70.84,True
NBS1O,Balanz Capital Valores S.A.,30710630670,Financiero,ARS,2,146560.0,0.0,0.0,19832200.0,,,0.0192,2026-06-06,70.79,True
PLC4O,Pluspetrol S.A.,30678224010,Energía - Petróleo y Gas,ARS,1,160510.0,0.0,0.0,19118100.0,,,6.0014,2032-05-30,70.73,True
TLCPO,Telecom Argentina S.A.,30639453738,Telecomunicaciones,ARS,1,154220.0,1.0,0.0,18868297.4,,,6.9952,2033-05-28,70.67,True
HJCJO,John Deere Credit Cía. Financiera S.A.,30707024859,Financiero - Crédito Industrial,ARS,2,151500.0,149710.0,0.0,18142000.0,,,1.1526,2027-07-25,70.62,True
EMC1O,[EMC],,Sin mapear,ARS,2,149730.0,0.0,0.0,17970060.9,,,1.0951,2027-07-04,70.56,False
PECNO,PETROLERA ACONCAGUA ENERGIA S.A.,30714814229,,ARS,2,97700.0,96000.0,102000.0,17684376.0,6000.0,6.25,6.2396,2032-08-25,87.17,True
YMCYO,YPF S.A.,30546689979,Energía - Petróleo y Gas,ARS,1,149500.0,0.0,0.0,14272765.0,,,2.3655,2028-10-10,70.45,True
GN49O,Genneia S.A.,30665234114,Energía - Renovable,ARS,2,157540.0,0.0,0.0,14156600.0,,,7.5099,2033-12-02,70.4,True
YFCMO,YPF Energía Eléctrica S.A.,30714128309,Energía - Electricidad,ARS,2,147580.0,0.0,0.0,11899472.9,,,0.9719,2027-05-20,70.34,True
MIC6O,MIRGOR S.A.,30578036071,,ARS,2,143080.0,0.0,0.0,11740610.2,,,1.9959,2028-05-28,70.28,True
YM37O,YPF S.A.,30546689979,Energía - Petróleo y Gas,ARS,1,146120.0,0.0,0.0,11733202.0,,,0.9363,2027-05-07,70.23,True
T672O,Tarjeta Naranja S.A.U.,30685376349,Financiero - Consumo,ARS,2,143400.0,0.0,0.0,10035736.0,,,0.7337,2027-02-22,70.17,True
CS44O,Cresud S.A.C.I.F. y A.,30509300700,Agro - Real Estate,ARS,2,147850.0,0.0,150000.0,9475887.6,,,0.6352,2027-01-17,70.12,True
LDCGO,[LDC],,Sin mapear,ARS,2,144940.0,0.0,0.0,9299259.5,,,1.347,2027-10-04,70.06,False
PQCSO,Petroquímica Comodoro Rivadavia S.A.,30563598111,Industria - Petroquímica,ARS,1,146120.0,0.0,0.0,8586132.4,,,4.7201,2031-02-17,70.01,True
CP36O,Cía. General de Combustibles S.A.,30506733932,Energía - Gas,ARS,2,144390.0,0.0,0.0,7639110.2,,,1.3634,2027-10-10,69.95,True
BGC4O,[BGC],,Sin mapear,ARS,2,141300.0,0.0,0.0,7148072.0,,,0.4572,2026-11-13,69.89,False
CS47O,Cresud S.A.C.I.F. y A.,30509300700,Agro - Real Estate,ARS,2,149900.0,0.0,0.0,7109352.5,,,2.4641,2028-11-15,69.84,True
MGCEO,Pampa Energía S.A.,30526552659,Energía - Electricidad,ARS,2,140000.0,129430.0,0.0,7013646.4,,,1.5551,2027-12-19,69.78,True
TLCQO,Telecom Argentina S.A.,30639453738,Telecomunicaciones,ARS,2,150600.0,0.0,0.0,6116310.7,,,1.0897,2027-07-02,69.73,True
MTCGO,Mastellone Hermanos S.A.,30547242331,Alimentos - Lácteos,ARS,1,150500.0,1.0,151900.0,5515647.3,151899.0,15189900.0,0.0849,2026-06-30,85.44,True
GN47O,Genneia S.A.,30665234114,Energía - Renovable,ARS,2,145000.0,0.0,0.0,4841596.2,,,2.3847,2028-10-17,69.62,True
MGCQO,Pampa Energía S.A.,30526552659,Energía - Electricidad,ARS,1,155040.0,0.0,0.0,4745685.9,,,2.1875,2028-08-06,69.56,True
MGCNO,Pampa Energía S.A.,30526552659,Energía - Electricidad,ARS,1,151980.0,0.0,0.0,4480393.4,,,2.3491,2028-10-04,69.5,True
CAC5O,Capex S.A.,30629827060,Energía - Electricidad,ARS,2,95400.0,0.0,97500.0,3789210.0,,,2.2396,2028-08-25,69.45,True
YMCZO,YPF S.A.,30546689979,Energía - Petróleo y Gas,ARS,2,150500.0,0.0,0.0,3649136.5,,,2.3655,2028-10-10,69.39,True
GYC5O,[GYC],,Sin mapear,ARS,2,145840.0,0.0,0.0,3387235.0,,,1.2676,2027-09-05,69.34,False
GN49O,Genneia S.A.,30665234114,Energía - Renovable,ARS,1,156450.0,0.0,0.0,3129000.0,,,7.5099,2033-12-02,69.28,True
HJCGO,John Deere Credit Cía. Financiera S.A.,30707024859,Financiero - Crédito Industrial,ARS,2,144000.0,0.0,0.0,2880000.0,,,2.3956,2028-10-21,69.23,True
OTS5O,[OTS],,Sin mapear,ARS,2,146200.0,0.0,153500.0,2878561.0,,,0.3997,2026-10-23,69.17,False
OTS6O,[OTS],,Sin mapear,ARS,2,149000.0,0.0,0.0,2506546.0,,,3.165,2029-07-29,69.11,False
TLCQO,Telecom Argentina S.A.,30639453738,Telecomunicaciones,ARS,1,148900.0,0.0,0.0,2339251.0,,,1.0897,2027-07-02,69.06,True
NBS1O,Balanz Capital Valores S.A.,30710630670,Financiero,ARS,1,146980.0,0.0,0.0,2204700.0,,,0.0192,2026-06-06,69.0,True
AFCIO,Banco Comafi S.A.,30604731018,Financiero - Bancos,ARS,2,148040.0,0.0,0.0,2072560.0,,,0.4408,2026-11-07,68.95,True
YM34Z,YPF S.A.,30546689979,Energía - Petróleo y Gas,EXT,2,104.356,0.0,0.0,2001150.48,,,7.6359,2034-01-17,68.89,True
YMCXZ,YPF S.A.,30546689979,Energía - Petróleo y Gas,EXT,2,108.1,0.0,0.0,2000000.26,,,5.2841,2031-09-11,68.84,True
YM34Z,YPF S.A.,30546689979,Energía - Petróleo y Gas,EXT,1,104.296,0.0,0.0,1999999.91,,,7.6359,2034-01-17,68.78,True
TLCOO,Telecom Argentina S.A.,30639453738,Telecomunicaciones,ARS,1,147010.0,0.0,0.0,1956763.9,,,2.4997,2028-11-28,68.72,True
TTCBO,Tecpetrol S.A.,30592665472,Energía - Petróleo y Gas,ARS,2,148980.0,141000.0,0.0,1643413.0,,,1.3799,2027-10-16,68.67,True
ARC1O,Aeropuertos Argentina 2000 S.A.,30696170580,Infraestructura - Aeropuertos,ARS,1,154740.0,0.0,0.0,1547400.0,,,5.1718,2031-08-01,68.61,True
BYCVO,Banco de Galicia y Buenos Aires S.A.,30500001735,Financiero - Bancos,ARS,2,148000.0,0.0,0.0,1480000.0,,,0.2546,2026-08-31,68.56,True
TTC8O,Tecpetrol S.A.,30592665472,Energía - Petróleo y Gas,ARS,2,146600.0,0.0,0.0,1391183.2,,,1.4018,2027-10-24,68.5,True
LIC6O,[LIC],,Sin mapear,ARS,2,47950.0,46000.0,0.0,1274138.2,,,0.0903,2026-07-02,68.45,False
CS48O,Cresud S.A.C.I.F. y A.,30509300700,Agro - Real Estate,ARS,1,154000.0,0.0,0.0,1261663.0,,,2.1164,2028-07-11,68.39,True
MR39O,Generación Mediterránea / Central Térmica Roca S.A.,33711944899,Energía - Electricidad,ARS,1,110000.0,0.0,0.0,1115210.0,,,5.4237,2031-11-01,68.34,True
TLCUD,Telecom Argentina S.A.,30639453738,Telecomunicaciones,USD,2,102.75,100.0,103.65,1043175.15,3.65,3.65,2.7652,2029-03-05,85.92,True
GN47O,Genneia S.A.,30665234114,Energía - Renovable,ARS,1,140730.0,0.0,0.0,1010441.4,,,2.3847,2028-10-17,68.22,True
MSSEO,MSU S.A.,30607597193,Energía,ARS,2,150990.0,0.0,0.0,879438.1,,,0.1314,2026-07-17,68.17,True
CS44O,Cresud S.A.C.I.F. y A.,30509300700,Agro - Real Estate,ARS,1,147580.0,0.0,0.0,859312.7,,,0.6352,2027-01-17,68.11,True
CS47O,Cresud S.A.C.I.F. y A.,30509300700,Agro - Real Estate,ARS,1,147000.0,0.0,0.0,845250.0,,,2.4641,2028-11-15,68.06,True
MGCTD,Pampa Energía S.A.,30526552659,Energía - Electricidad,USD,2,100.9,100.4,101.4,816813.5,1.0,0.996,2.8392,2029-04-01,87.08,True
CAC5O,Capex S.A.,30629827060,Energía - Electricidad,ARS,1,95500.0,0.0,0.0,811750.0,,,2.2396,2028-08-25,67.95,True
TLCPZ,Telecom Argentina S.A.,30639453738,Telecomunicaciones,EXT,2,108.5,0.0,0.0,799999.8,,,6.9952,2033-05-28,67.89,True
TLCTD,Telecom Argentina S.A.,30639453738,Telecomunicaciones,USD,2,109.3,108.0,110.55,723117.71,2.55,2.3611,9.6427,2036-01-20,86.09,True
IRCLO,IRSA Inversiones y Representaciones S.A.,30524688673,Real Estate,ARS,1,145020.0,0.0,0.0,580080.0,,,0.0301,2026-06-10,67.78,True
SXC1O,MERCADO PAGO SERVICIOS DE PROCESAMIENTO S.R.L.,30716999498,,ARS,2,104.0,0.01,110.0,490891.88,109.99,1099900.0,0.1342,2026-07-18,83.53,True
PN34O,Pan American Energy LLC (PAE Sucursal),30714813583,Energía - Petróleo y Gas,ARS,1,151370.0,0.0,0.0,490438.8,,,1.3279,2027-09-27,67.67,True
CICBD,CNH INDUSTRIAL CAPITAL ARGENTINA S.A.,30714322938,,USD,2,102.0,101.1,104.35,351348.46,3.25,3.2146,2.6995,2029-02-09,85.52,True
OTS3D,[OTS],,Sin mapear,USD,2,103.0,101.2,0.0,309508.93,,,2.4257,2028-11-01,67.56,False
DNCAD,EDENOR S.A.,30655116202,,USD,2,104.6,104.3,105.8,302204.6,1.5,1.4382,6.9131,2033-04-28,86.23,True
CP37O,Cía. General de Combustibles S.A.,30506733932,Energía - Gas,ARS,1,136900.0,0.0,0.0,294335.0,,,0.7775,2027-03-10,67.44,True
PN35O,Pan American Energy LLC (PAE Sucursal),30714813583,Energía - Petróleo y Gas,ARS,1,151240.0,0.0,0.0,293405.6,,,3.3292,2029-09-27,67.39,True
YM42D,YPF S.A.,30546689979,Energía - Petróleo y Gas,USD,2,106.6,100.0,108.7,275209.04,8.7,8.7,2.757,2029-03-02,83.64,True
VSCTD,Vista Oil & Gas Argentina S.A.U.,33515950899,Energía - Petróleo y Gas,USD,2,110.1,0.0,110.9,220685.0,,,9.5305,2035-12-10,67.28,True
GN43O,Genneia S.A.,30665234114,Energía - Renovable,ARS,2,151000.0,0.0,0.0,209890.0,,,0.7721,2027-03-08,67.22,True
DNC3D,EDENOR S.A.,30655116202,,USD,2,101.85,101.0,102.5,192402.66,1.5,1.4851,0.4819,2026-11-22,85.85,True
PN43D,Pan American Energy LLC (PAE Sucursal),30714813583,Energía - Petróleo y Gas,USD,2,109.95,109.4,115.0,192345.0,5.6,5.1188,10.6311,2037-01-15,84.05,True
EMC1O,[EMC],,Sin mapear,ARS,1,152750.0,0.0,0.0,184827.5,,,1.0951,2027-07-04,67.05,False
HJCID,John Deere Credit Cía. Financiera S.A.,30707024859,Financiero - Crédito Industrial,USD,2,101.6,98.2,0.0,181508.51,,,0.9911,2027-05-27,67.0,True
VSCRD,Vista Oil & Gas Argentina S.A.U.,33515950899,Energía - Petróleo y Gas,USD,2,107.9,0.0,108.8,175463.72,,,5.3634,2031-10-10,66.94,True
YM39D,YPF S.A.,30546689979,Energía - Petróleo y Gas,USD,2,112.65,110.4,116.0,161403.43,5.6,5.0725,4.1451,2030-07-22,83.86,True
VSCXC,Vista Oil & Gas Argentina S.A.U.,33515950899,Energía - Petróleo y Gas,EXT,2,104.25,103.0,106.5,156275.0,3.5,3.3981,11.8576,2038-04-08,84.51,True
MSSEO,MSU S.A.,30607597193,Energía,ARS,1,150000.0,0.0,0.0,147000.0,,,0.1314,2026-07-17,66.78,True
RC2CO,ARCOR S.A.I.C.,30502793175,,ARS,1,145460.0,0.0,0.0,145468.4,,,0.3532,2026-10-06,66.72,True
TTCED,Tecpetrol S.A.,30592665472,Energía - Petróleo y Gas,USD,2,100.0,99.51,104.1,143980.31,4.59,4.6126,2.976,2029-05-21,83.72,True
CS48D,Cresud S.A.C.I.F. y A.,30509300700,Agro - Real Estate,USD,2,107.6,103.2,107.9,136311.4,4.7,4.5543,2.1164,2028-07-11,83.7,True
PLC4C,Pluspetrol S.A.,30678224010,Energía - Petróleo y Gas,EXT,2,105.25,0.0,0.0,130510.0,,,6.0014,2032-05-30,66.55,True
ARC1D,Aeropuertos Argentina 2000 S.A.,30696170580,Infraestructura - Aeropuertos,USD,2,107.45,99.91,107.8,126333.5,7.89,7.8971,5.1718,2031-08-01,82.89,True
YM39D,YPF S.A.,30546689979,Energía - Petróleo y Gas,USD,1,112.55,0.0,114.4,125603.52,,,4.1451,2030-07-22,66.44,True
YM38D,YPF S.A.,30546689979,Energía - Petróleo y Gas,USD,2,105.15,100.0,105.2,122273.49,5.2,5.2,1.1444,2027-07-22,83.28,True
OZC3O,EMPRESA DISTRIB DE ELECTRICIDAD DE MENDOZA S.A.,30699542454,,ARS,1,144550.0,1.0,0.0,118663.5,,,1.5003,2027-11-29,66.33,True
YM41D,YPF S.A.,30546689979,Energía - Petróleo y Gas,USD,2,102.65,101.55,103.0,114099.14,1.45,1.4279,0.6105,2027-01-08,85.04,True
TLCTC,Telecom Argentina S.A.,30639453738,Telecomunicaciones,EXT,2,105.6,104.65,108.0,112005.47,3.35,3.2011,9.6427,2036-01-20,84.21,True
PN36D,Pan American Energy LLC (PAE Sucursal),30714813583,Energía - Petróleo y Gas,USD,2,106.4,0.0,108.0,108152.24,,,5.4565,2031-11-13,66.16,True
RZ9BO,Rizobacter Argentina S.A.,30593174057,Agro - Biotech,ARS,2,95000.0,95000.0,0.0,104500.0,,,0.0794,2026-06-28,66.11,True
PFC3D,PATAGONIA FRUITS TRADE S.A,30690967541,,USD,2,99.8,99.61,101.0,101393.61,1.39,1.3954,3.4442,2029-11-08,84.86,True
YM35D,YPF S.A.,30546689979,Energía - Petróleo y Gas,USD,2,101.85,101.7,102.4,99807.14,0.7,0.6883,0.7474,2027-02-27,85.15,True
PN38D,Pan American Energy LLC (PAE Sucursal),30714813583,Energía - Petróleo y Gas,USD,2,106.9,100.0,111.0,95410.06,11.0,11.0,1.1992,2027-08-11,81.94,True
YM37D,YPF S.A.,30546689979,Energía - Petróleo y Gas,USD,2,103.3,101.6,103.9,92182.65,2.3,2.2638,0.9363,2027-05-07,84.26,True
MIC3O,MIRGOR S.A.,30578036071,,ARS,2,146000.0,143000.0,148500.0,89060.0,5500.0,3.8462,0.4517,2026-11-11,83.39,True
TSC4C,[TSC],,Sin mapear,EXT,2,103.6,102.0,0.0,85735.5,,,9.4757,2035-11-20,65.77,False
GN49D,Genneia S.A.,30665234114,Energía - Renovable,USD,2,109.0,107.75,111.2,82877.5,3.45,3.2019,7.5099,2033-12-02,83.67,True
RUCED,CERAMICA RUTA 16 S.R.L.,30710080085,,USD,2,100.55,100.4,101.0,76305.15,0.6,0.5976,1.4182,2027-10-30,84.86,True
DNCAC,EDENOR S.A.,30655116202,,EXT,2,100.7,99.55,102.5,75460.1,2.95,2.9633,6.9131,2033-04-28,83.67,True
NPCDD,[NPC],,Sin mapear,USD,2,100.35,100.0,101.0,75194.38,1.0,1.0,3.9179,2030-04-30,84.59,False
YM34C,YPF S.A.,30546689979,Energía - Petróleo y Gas,EXT,2,107.3,0.0,0.0,53873.1,,,7.6359,2034-01-17,65.5,True
XMC1D,Minera Exar S.A.,30709667587,Minería - Litio,USD,2,102.3,100.0,107.0,53136.0,7.0,7.0,1.4511,2027-11-11,81.98,True
LUC5D,[LUC],,Sin mapear,USD,2,101.4,101.2,102.2,51725.57,1.0,0.9881,2.7461,2029-02-26,84.5,False
MGCND,Pampa Energía S.A.,30526552659,Energía - Electricidad,USD,2,103.0,102.2,103.8,49034.85,1.6,1.5656,2.3491,2028-10-04,83.94,True
SBC3D,SAN BAUTISTA DEL SUR SA,30715659340,,USD,2,100.5,100.0,104.2,46842.94,4.2,4.2,2.9897,2029-05-26,82.64,True
TSC3C,[TSC],,Sin mapear,EXT,2,109.55,0.0,0.0,44915.5,,,5.1499,2031-07-24,65.22,False
CACBD,Capex S.A.,30629827060,Energía - Electricidad,USD,2,101.9,100.1,103.4,41023.61,3.3,3.2967,2.0507,2028-06-17,82.99,True
CS53D,Cresud S.A.C.I.F. y A.,30509300700,Agro - Real Estate,USD,2,100.8,99.91,104.0,40403.83,4.09,4.0937,3.9179,2030-04-30,82.51,True
BF40D,BANCO BBVA ARGENTINA S.A.,30500003193,,USD,2,101.25,98.1,0.0,40162.84,,,1.243,2027-08-27,65.05,True
EMC1D,[EMC],,Sin mapear,USD,2,105.75,99.91,105.8,40128.6,5.89,5.8953,1.0951,2027-07-04,81.73,False
HJCJD,John Deere Credit Cía. Financiera S.A.,30707024859,Financiero - Crédito Industrial,USD,2,105.8,105.0,0.0,37970.0,,,1.1526,2027-07-25,64.94,True
OT42D,[OT4],,Sin mapear,USD,2,106.25,105.3,0.0,34276.04,,,3.6359,2030-01-17,64.88,False
IRCLD,IRSA Inversiones y Representaciones S.A.,30524688673,Real Estate,USD,2,102.35,99.91,103.75,33699.38,3.84,3.8435,0.0301,2026-06-10,82.42,True
SNSDO,SION S.A.,30690076043,,ARS,2,94240.0,0.0,129000.0,32014.2,,,0.6899,2027-02-06,64.77,True
CACDD,Capex S.A.,30629827060,Energía - Electricidad,USD,2,105.1,101.75,0.0,30242.02,,,3.0144,2029-06-04,64.72,True
PQCRO,Petroquímica Comodoro Rivadavia S.A.,30563598111,Industria - Petroquímica,ARS,2,141000.0,0.0,0.0,28200.0,,,2.3984,2028-10-22,64.66,True
YM38D,YPF S.A.,30546689979,Energía - Petróleo y Gas,USD,1,104.75,103.4,105.5,26316.59,2.1,2.0309,1.1444,2027-07-22,83.06,True
PN37D,Pan American Energy LLC (PAE Sucursal),30714813583,Energía - Petróleo y Gas,USD,2,103.0,101.8,112.0,25290.64,10.2,10.0196,2.4586,2028-11-13,80.63,True
YM43D,YPF S.A.,30546689979,Energía - Petróleo y Gas,USD,2,99.6,99.56,100.8,25025.18,1.24,1.2455,3.8741,2030-04-14,83.42,True
DNC7C,EDENOR S.A.,30655116202,,EXT,2,103.85,0.0,0.0,24281.45,,,4.4025,2030-10-24,64.44,True
CS47D,Cresud S.A.C.I.F. y A.,30509300700,Agro - Real Estate,USD,2,102.95,102.15,103.5,23615.01,1.35,1.3216,2.4641,2028-11-15,83.23,True
CIC7D,CNH INDUSTRIAL CAPITAL ARGENTINA S.A.,30714322938,,USD,2,99.5,98.7,105.0,22116.95,6.3,6.383,0.4545,2026-11-12,80.95,True
YMCIC,YPF S.A.,30546689979,Energía - Petróleo y Gas,EXT,2,107.85,0.0,0.0,21108.68,,,3.091,2029-07-02,64.27,True
TTCEO,Tecpetrol S.A.,30592665472,Energía - Petróleo y Gas,ARS,1,147060.0,1.0,0.0,19391.8,,,2.976,2029-05-21,64.21,True
YM42D,YPF S.A.,30546689979,Energía - Petróleo y Gas,USD,1,106.25,99.9,109.5,18270.47,9.6,9.6096,2.757,2029-03-02,80.28,True
AFCID,Banco Comafi S.A.,30604731018,Financiero - Bancos,USD,2,101.5,0.0,0.0,16610.25,,,0.4408,2026-11-07,64.1,True
RC1CD,ARCOR S.A.I.C.,30502793175,,USD,2,110.4,108.0,0.0,16488.5,,,7.1704,2033-07-31,64.05,True
CS49D,Cresud S.A.C.I.F. y A.,30509300700,Agro - Real Estate,USD,2,104.6,102.9,104.8,16285.81,1.9,1.8465,1.2594,2027-09-02,82.49,True
PECND,PETROLERA ACONCAGUA ENERGIA S.A.,30714814229,,USD,2,68.4,0.0,71.0,16157.12,,,6.2396,2032-08-25,63.94,True
SXC3O,MERCADO PAGO SERVICIOS DE PROCESAMIENTO S.R.L.,30716999498,,ARS,2,105.0,1.0,105.0,15912.75,104.0,10400.0,0.7365,2027-02-23,79.72,True
TLCTD,Telecom Argentina S.A.,30639453738,Telecomunicaciones,USD,1,108.7,0.0,0.0,15622.85,,,9.6427,2036-01-20,63.83,True
TTCED,Tecpetrol S.A.,30592665472,Energía - Petróleo y Gas,USD,1,101.7,98.1,107.5,14665.66,9.4,9.5821,2.976,2029-05-21,79.92,True
CP36D,Cía. General de Combustibles S.A.,30506733932,Energía - Gas,USD,2,99.5,98.7,101.0,14267.97,2.3,2.3303,1.3634,2027-10-10,82.01,True
PLC3O,Pluspetrol S.A.,30678224010,Energía - Petróleo y Gas,ARS,1,156000.0,0.0,157000.0,14040.0,,,1.9192,2028-04-30,63.66,True
GYC4D,[GYC],,Sin mapear,USD,2,99.25,98.0,100.0,13744.74,2.0,2.0408,1.4182,2027-10-30,82.02,False
YM37D,YPF S.A.,30546689979,Energía - Petróleo y Gas,USD,1,102.95,100.1,0.0,13432.15,,,0.9363,2027-05-07,63.55,True
AERBD,[AER],,Sin mapear,USD,1,103.8,0.0,0.0,12457.25,,,0.5448,2026-12-15,63.49,False
PN36C,Pan American Energy LLC (PAE Sucursal),30714813583,Energía - Petróleo y Gas,EXT,2,103.0,0.0,0.0,10660.28,,,5.4565,2031-11-13,63.44,True
RZ9AO,Rizobacter Argentina S.A.,30593174057,Agro - Biotech,ARS,2,65500.0,0.0,0.0,10480.0,,,0.0794,2026-06-28,63.38,True
LMS7D,BLM DESARROLLOS SA,30718221516,,USD,1,86.5,0.0,0.0,10207.0,,,2.371,2028-10-12,63.32,True
LMS7D,BLM DESARROLLOS SA,30718221516,,USD,2,87.3,84.0,87.6,9935.25,3.6,4.2857,2.371,2028-10-12,80.59,True
HJCKD,John Deere Credit Cía. Financiera S.A.,30707024859,Financiero - Crédito Industrial,USD,2,105.05,104.3,0.0,9450.0,,,2.6338,2029-01-16,63.21,True
PECJO,PETROLERA ACONCAGUA ENERGIA S.A.,30714814229,,ARS,2,95.0,0.0,99.0,9401.89,,,4.2382,2030-08-25,63.16,True
SBC2D,SAN BAUTISTA DEL SUR SA,30715659340,,USD,2,104.25,103.4,0.0,9342.16,,,2.6338,2029-01-16,63.1,True
VBC2D,[VBC],,Sin mapear,USD,2,102.75,98.1,104.9,8983.48,6.8,6.9317,0.2683,2026-09-05,79.63,False
VSCRD,Vista Oil & Gas Argentina S.A.U.,33515950899,Energía - Petróleo y Gas,USD,1,107.0,0.0,0.0,8770.47,,,5.3634,2031-10-10,62.99,True
MGCQC,Pampa Energía S.A.,30526552659,Energía - Electricidad,EXT,2,104.2,0.0,0.0,8101.02,,,2.1875,2028-08-06,62.93,True
YM37C,YPF S.A.,30546689979,Energía - Petróleo y Gas,EXT,2,99.48,0.0,0.0,7884.13,,,0.9363,2027-05-07,62.88,True
AERBD,[AER],,Sin mapear,USD,2,103.3,102.6,103.9,7597.15,1.3,1.2671,0.5448,2026-12-15,81.71,False
HJCKD,John Deere Credit Cía. Financiera S.A.,30707024859,Financiero - Crédito Industrial,USD,1,105.0,0.0,0.0,7270.5,,,2.6338,2029-01-16,62.77,True
RUCED,CERAMICA RUTA 16 S.R.L.,30710080085,,USD,1,100.55,99.5,0.0,7194.35,,,1.4182,2027-10-30,62.71,True
OZC7O,EMPRESA DISTRIB DE ELECTRICIDAD DE MENDOZA S.A.,30699542454,,ARS,2,108.0,98.5,0.0,6480.0,,,0.553,2026-12-18,62.66,True
RC5CD,ARCOR S.A.I.C.,30502793175,,USD,2,100.1,99.91,0.0,6438.19,,,2.976,2029-05-21,62.6,True
MGCND,Pampa Energía S.A.,30526552659,Energía - Electricidad,USD,1,105.0,0.0,104.5,5859.76,,,2.3491,2028-10-04,62.54,True
HJCID,John Deere Credit Cía. Financiera S.A.,30707024859,Financiero - Crédito Industrial,USD,1,102.0,97.5,0.0,5711.4,,,0.9911,2027-05-27,62.49,True
MGCED,Pampa Energía S.A.,30526552659,Energía - Electricidad,USD,2,100.95,95.01,0.0,5577.87,,,1.5551,2027-12-19,62.43,True
GN49D,Genneia S.A.,30665234114,Energía - Renovable,USD,1,108.95,0.0,0.0,5458.5,,,7.5099,2033-12-02,62.38,True
PN36D,Pan American Energy LLC (PAE Sucursal),30714813583,Energía - Petróleo y Gas,USD,1,105.65,102.5,112.0,5308.34,9.5,9.2683,5.4565,2031-11-13,78.56,True
SNABO,S.A. San Miguel,30511190238,Agro - Frutícola,ARS,2,103000.0,0.0,120800.0,5206.0,,,0.1643,2026-07-29,62.27,True
OTS2D,[OTS],,Sin mapear,USD,2,102.35,102.1,102.6,4974.58,0.5,0.4897,0.9008,2027-04-24,81.44,False
LMS8D,BLM DESARROLLOS SA,30718221516,,USD,2,106.2,104.2,108.8,4881.42,4.6,4.4146,0.8077,2027-03-21,79.4,True
VBC2D,[VBC],,Sin mapear,USD,1,103.35,0.0,0.0,4377.91,,,0.2683,2026-09-05,62.1,False
ARC1D,Aeropuertos Argentina 2000 S.A.,30696170580,Infraestructura - Aeropuertos,USD,1,107.2,0.0,0.0,4288.0,,,5.1718,2031-08-01,62.04,True
GYC5D,[GYC],,Sin mapear,USD,2,101.4,98.25,101.5,3981.62,3.25,3.3079,1.2676,2027-09-05,79.78,False
SNEAO,SION S.A.,30690076043,,ARS,1,65900.0,0.0,78000.0,3810.5,,,3.1239,2029-07-14,61.93,True
MR39D,Generación Mediterránea / Central Térmica Roca S.A.,33711944899,Energía - Electricidad,USD,2,77.05,0.0,84.85,3757.6,,,5.4237,2031-11-01,61.88,True
MIC3D,MIRGOR S.A.,30578036071,,USD,2,101.4,99.5,103.5,3078.5,4.0,4.0201,0.4517,2026-11-11,79.3,True
LMS7C,BLM DESARROLLOS SA,30718221516,,EXT,2,84.56,83.5,0.0,2923.13,,,2.371,2028-10-12,61.77,True
YM35D,YPF S.A.,30546689979,Energía - Petróleo y Gas,USD,1,101.9,101.0,104.25,2631.2,3.25,3.2178,0.7474,2027-02-27,79.58,True
HJCHD,John Deere Credit Cía. Financiera S.A.,30707024859,Financiero - Crédito Industrial,USD,2,104.95,103.0,0.0,2518.2,,,1.6345,2028-01-17,61.65,True
PLC6C,Pluspetrol S.A.,30678224010,Energía - Petróleo y Gas,EXT,2,99.36,0.0,0.0,2484.0,,,2.7488,2029-02-27,61.6,True
CAC5D,Capex S.A.,30629827060,Energía - Electricidad,USD,2,66.1,65.7,66.5,2224.59,0.8,1.2177,2.2396,2028-08-25,80.5,True
PN41C,Pan American Energy LLC (PAE Sucursal),30714813583,Energía - Petróleo y Gas,EXT,2,105.0,0.0,0.0,2100.0,,,3.2444,2029-08-27,61.49,True
YM43D,YPF S.A.,30546689979,Energía - Petróleo y Gas,USD,1,99.45,98.5,101.6,1884.78,3.1,3.1472,3.8741,2030-04-14,79.46,True
ZPC1O,PLAZA LOGISTICA S.R.L.,30655942382,,ARS,2,100.65,98.0,0.0,1864.99,,,0.5092,2026-12-02,61.38,True
LUC5D,[LUC],,Sin mapear,USD,1,102.0,0.0,0.0,1778.2,,,2.7461,2029-02-26,61.32,False
DNCAD,EDENOR S.A.,30655116202,,USD,1,104.6,0.0,105.8,1673.6,,,6.9131,2033-04-28,61.26,True
CS48D,Cresud S.A.C.I.F. y A.,30509300700,Agro - Real Estate,USD,1,109.3,0.0,109.5,1620.05,,,2.1164,2028-07-11,61.21,True
IRCJD,IRSA Inversiones y Representaciones S.A.,30524688673,Real Estate,USD,2,103.1,102.75,103.85,1518.86,1.1,1.0706,0.7502,2027-02-28,80.15,True
GN48D,Genneia S.A.,30665234114,Energía - Renovable,USD,2,102.8,99.1,103.1,1418.64,4.0,4.0363,1.7659,2028-03-05,78.54,True
CP37O,Cía. General de Combustibles S.A.,30506733932,Energía - Gas,ARS,2,141020.0,0.0,0.0,1410.2,,,0.7775,2027-03-10,61.04,True
PN34C,Pan American Energy LLC (PAE Sucursal),30714813583,Energía - Petróleo y Gas,EXT,2,99.81,0.0,0.0,1277.44,,,1.3279,2027-09-27,60.99,True
DNC3D,EDENOR S.A.,30655116202,,USD,1,102.0,101.5,103.1,1243.91,1.6,1.5764,0.4819,2026-11-22,79.5,True
EMC1D,[EMC],,Sin mapear,USD,1,105.8,0.0,108.5,1185.18,,,1.0951,2027-07-04,60.87,False
PN43D,Pan American Energy LLC (PAE Sucursal),30714813583,Energía - Petróleo y Gas,USD,1,109.6,0.0,0.0,1096.0,,,10.6311,2037-01-15,60.82,True
HJCJD,John Deere Credit Cía. Financiera S.A.,30707024859,Financiero - Crédito Industrial,USD,1,106.85,103.1,0.0,1068.5,,,1.1526,2027-07-25,60.76,True
YMCJC,YPF S.A.,30546689979,Energía - Petróleo y Gas,EXT,2,102.95,100.0,0.0,1046.91,,,7.3374,2033-09-30,60.71,True
IRCND,IRSA Inversiones y Representaciones S.A.,30524688673,Real Estate,USD,2,103.1,102.1,0.0,1045.72,,,1.399,2027-10-23,60.65,True
VSCXC,Vista Oil & Gas Argentina S.A.U.,33515950899,Energía - Petróleo y Gas,EXT,1,104.4,0.0,0.0,1044.0,,,11.8576,2038-04-08,60.6,True
BYCVD,Banco de Galicia y Buenos Aires S.A.,30500001735,Financiero - Bancos,USD,2,103.15,98.1,103.75,1031.5,5.65,5.7594,0.2546,2026-08-31,77.36,True
BYCWD,Banco de Galicia y Buenos Aires S.A.,30500001735,Financiero - Bancos,USD,2,102.95,101.5,106.0,1029.5,4.5,4.4335,0.5038,2026-11-30,77.69,True
MGCTD,Pampa Energía S.A.,30526552659,Energía - Electricidad,USD,1,101.2,99.01,105.0,1012.0,5.99,6.0499,2.8392,2029-04-01,77.13,True
MGCTC,Pampa Energía S.A.,30526552659,Energía - Electricidad,EXT,2,99.32,0.0,0.0,993.2,,,2.8392,2029-04-01,60.37,True
PECKO,PETROLERA ACONCAGUA ENERGIA S.A.,30714814229,,ARS,2,76000.0,0.0,84900.0,760.0,,,4.2382,2030-08-25,60.32,True
YM34C,YPF S.A.,30546689979,Energía - Petróleo y Gas,EXT,1,107.3,0.0,0.0,736.42,,,7.6359,2034-01-17,60.26,True
YM41D,YPF S.A.,30546689979,Energía - Petróleo y Gas,USD,1,105.7,101.3,105.7,686.0,4.4,4.3435,0.6105,2027-01-08,77.49,True
CLI1D,[CLI],,Sin mapear,USD,2,31.03,0.0,33.3,649.5,,,8.5311,2034-12-10,60.15,False
CAC5D,Capex S.A.,30629827060,Energía - Electricidad,USD,1,68.0,65.0,69.95,578.68,4.95,7.6154,2.2396,2028-08-25,76.52,True
MSSED,MSU S.A.,30607597193,Energía,USD,2,105.95,103.0,106.0,524.81,3.0,2.9126,0.1314,2026-07-17,78.18,True
YMCIC,YPF S.A.,30546689979,Energía - Petróleo y Gas,EXT,1,110.0,0.0,0.0,449.9,,,3.091,2029-07-02,59.98,True
CS47D,Cresud S.A.C.I.F. y A.,30509300700,Agro - Real Estate,USD,1,102.45,101.0,109.5,439.51,8.5,8.4158,2.4641,2028-11-15,76.28,True
PN38C,Pan American Energy LLC (PAE Sucursal),30714813583,Energía - Petróleo y Gas,EXT,2,104.0,100.0,0.0,400.4,,,1.1992,2027-08-11,59.87,True
YM39C,YPF S.A.,30546689979,Energía - Petróleo y Gas,EXT,2,109.95,0.0,0.0,328.76,,,4.1451,2030-07-22,59.82,True
OT42D,[OT4],,Sin mapear,USD,1,108.0,103.5,0.0,284.04,,,3.6359,2030-01-17,59.76,False
CICBD,CNH INDUSTRIAL CAPITAL ARGENTINA S.A.,30714322938,,USD,1,102.0,0.0,0.0,279.48,,,2.6995,2029-02-09,59.7,True
PFC2D,PATAGONIA FRUITS TRADE S.A,30690967541,,USD,2,105.4,103.75,106.1,157.05,2.35,2.2651,1.1225,2027-07-14,77.99,True
MGCED,Pampa Energía S.A.,30526552659,Energía - Electricidad,USD,1,99.0,0.0,0.0,141.57,,,1.5551,2027-12-19,59.59,True
T661D,Tarjeta Naranja S.A.,30685376349,Financiero - Crédito Consumo,USD,1,0.072,0.0,0.0,102.0,,,0.5038,2026-11-30,59.54,True
IRCLD,IRSA Inversiones y Representaciones S.A.,30524688673,Real Estate,USD,1,101.5,100.0,104.5,101.5,4.5,4.5,0.0301,2026-06-10,76.65,True
RVS1D,[RVS],,Sin mapear,USD,2,0.036,0.0,0.0,62.82,,,0.7474,2027-02-27,59.43,False
TLCUD,Telecom Argentina S.A.,30639453738,Telecomunicaciones,USD,1,103.35,0.0,104.8,21.63,,,2.7652,2029-03-05,59.37,True
VSCID,Vista Oil & Gas Argentina S.A.U.,33515950899,Energía - Petróleo y Gas,USD,2,91.05,0.0,0.0,6.37,,,0.5202,2026-12-06,59.32,True
PN37D,Pan American Energy LLC (PAE Sucursal),30714813583,Energía - Petróleo y Gas,USD,1,104.45,101.5,111.0,6.26,9.5,9.3596,2.4586,2028-11-13,75.45,True
CIC8D,CNH INDUSTRIAL CAPITAL ARGENTINA S.A.,30714322938,,USD,2,100.5,99.4,113.0,4.02,13.6,13.6821,2.4559,2028-11-12,75.16,True
TLCVD,Telecom Argentina S.A.,30639453738,Telecomunicaciones,USD,2,103.0,0.0,0.0,2.06,,,0.9966,2027-05-29,59.15,True
CS52D,Cresud S.A.C.I.F. y A.,30509300700,Agro - Real Estate,USD,2,0.0,98.22,99.95,0.0,1.73,1.7614,1.9192,2028-04-30,59.72,True
CS52D,Cresud S.A.C.I.F. y A.,30509300700,Agro - Real Estate,USD,1,0.0,97.4,100.2,0.0,2.8,2.8747,1.9192,2028-04-30,59.37,True
BYCXD,Banco de Galicia y Buenos Aires S.A.,30500001735,Financiero - Bancos,USD,2,0.0,102.0,105.0,0.0,3.0,2.9412,0.5859,2026-12-30,59.3,True
IRCJD,IRSA Inversiones y Representaciones S.A.,30524688673,Real Estate,USD,1,0.0,102.75,106.2,0.0,3.45,3.3577,0.7502,2027-02-28,58.94,True
NPCDD,[NPC],,Sin mapear,USD,1,0.0,98.0,101.9,0.0,3.9,3.9796,3.9179,2030-04-30,58.71,False
PUC2D,[PUC],,Sin mapear,USD,2,0.0,99.5,104.0,0.0,4.5,4.5226,1.2457,2027-08-28,58.32,False
CS45D,Cresud S.A.C.I.F. y A.,30509300700,Agro - Real Estate,USD,2,0.0,100.6,106.0,0.0,5.4,5.3678,0.23,2026-08-22,58.05,True
BF39D,Banco BBVA Argentina S.A.,30500003193,Financiero - Bancos,USD,2,0.0,98.1,105.0,0.0,6.9,7.0336,0.5175,2026-12-05,57.7,True
TLCVO,Telecom Argentina S.A.,30639453738,Telecomunicaciones,ARS,2,0.0,139300.0,149900.0,0.0,10600.0,7.6095,0.9966,2027-05-29,57.66,True
RZ9BD,Rizobacter Argentina S.A.,30593174057,Agro - Biotech,USD,2,0.0,66.0,72.0,0.0,6.0,9.0909,0.0794,2026-06-28,57.46,True
YMCWO,YPF S.A.,30546689979,,ARS,2,0.0,130000.0,143400.0,0.0,13400.0,10.3077,0.0876,2026-07-01,57.23,True
VSCMO,Vista Oil & Gas Argentina S.A.U.,33515950899,Energía - Petróleo y Gas,ARS,2,0.0,115010.0,150000.0,0.0,34990.0,30.4234,2.2012,2028-08-11,57.07,True
AEC2D,[AEC],,Sin mapear,USD,1,0.0,0.0,0.0,0.0,,,1.2512,2027-08-30,41.19,False
AEC2O,[AEC],,Sin mapear,ARS,1,0.0,0.0,0.0,0.0,,,1.2512,2027-08-30,41.19,False
AEC2O,[AEC],,Sin mapear,ARS,2,0.0,72400.0,0.0,0.0,,,1.2512,2027-08-30,41.19,False
AEC2Z,[AEC],,Sin mapear,EXT,1,0.0,0.0,0.0,0.0,,,1.2512,2027-08-30,41.19,False
AEC2Z,[AEC],,Sin mapear,EXT,2,0.0,0.0,0.0,0.0,,,1.2512,2027-08-30,41.19,False
AER1D,[AER],,Sin mapear,USD,2,0.0,0.0,0.0,0.0,,,0.6762,2027-02-01,41.19,False
AER1Y,[AER],,Sin mapear,USD,1,0.0,0.0,0.0,0.0,,,0.6762,2027-02-01,41.19,False
AER4D,[AER],,Sin mapear,USD,1,0.0,0.0,0.0,0.0,,,2.4257,2028-11-01,41.19,False
AER4D,[AER],,Sin mapear,USD,2,0.0,0.0,0.0,0.0,,,2.4257,2028-11-01,41.19,False
AER4O,[AER],,Sin mapear,ARS,2,0.0,0.0,0.0,0.0,,,2.4257,2028-11-01,41.19,False
AER9X,[AER],,Sin mapear,ARS,2,0.0,0.0,0.0,0.0,,,0.2218,2026-08-19,41.19,False
AERAC,[AER],,Sin mapear,EXT,2,0.0,0.0,0.0,0.0,,,0.6762,2027-02-01,41.19,False
AERAD,[AER],,Sin mapear,USD,1,0.0,0.0,0.0,0.0,,,0.6762,2027-02-01,41.19,False
AERAD,[AER],,Sin mapear,USD,2,0.0,0.0,0.0,0.0,,,0.6762,2027-02-01,41.19,False
AERBC,[AER],,Sin mapear,EXT,2,0.0,0.0,0.0,0.0,,,0.5448,2026-12-15,41.19,False
AFCHD,Banco Comafi S.A.,30604731018,Financiero - Bancos,USD,1,0.0,0.0,0.0,0.0,,,0.2218,2026-08-19,41.19,True
AFCHD,Banco Comafi S.A.,30604731018,Financiero - Bancos,USD,2,0.0,0.0,103.8,0.0,,,0.2218,2026-08-19,41.19,True
AFCID,Banco Comafi S.A.,30604731018,Financiero - Bancos,USD,1,0.0,0.0,0.0,0.0,,,0.4408,2026-11-07,41.19,True
AFCIO,Banco Comafi S.A.,30604731018,Financiero - Bancos,ARS,1,0.0,1.0,0.0,0.0,,,0.4408,2026-11-07,41.19,True
AFCJD,Banco Comafi S.A.,30604731018,Financiero - Bancos,USD,2,0.0,0.0,103.25,0.0,,,0.6899,2027-02-06,41.19,True
AFCJO,Banco Comafi S.A.,30604731018,Financiero - Bancos,ARS,1,0.0,0.0,0.0,0.0,,,0.6899,2027-02-06,41.19,True
AFCJO,Banco Comafi S.A.,30604731018,Financiero - Bancos,ARS,2,0.0,0.0,0.0,0.0,,,0.6899,2027-02-06,41.19,True
AFCKD,Banco Comafi S.A.,30604731018,Financiero - Bancos,USD,1,0.0,0.0,0.0,0.0,,,2.6913,2029-02-06,41.19,True
AFCKD,Banco Comafi S.A.,30604731018,Financiero - Bancos,USD,2,0.0,0.0,108.0,0.0,,,2.6913,2029-02-06,41.19,True
AFCKO,Banco Comafi S.A.,30604731018,Financiero - Bancos,ARS,1,0.0,0.0,0.0,0.0,,,2.6913,2029-02-06,41.19,True
AFCKO,Banco Comafi S.A.,30604731018,Financiero - Bancos,ARS,2,0.0,0.0,0.0,0.0,,,2.6913,2029-02-06,41.19,True
AFCLD,Banco Comafi S.A.,30604731018,Financiero - Bancos,USD,2,0.0,0.0,0.0,0.0,,,1.1855,2027-08-06,41.19,True
AFCLO,Banco Comafi S.A.,30604731018,Financiero - Bancos,ARS,1,0.0,0.0,0.0,0.0,,,1.1855,2027-08-06,41.19,True
AFCLO,Banco Comafi S.A.,30604731018,Financiero - Bancos,ARS,2,0.0,0.0,0.0,0.0,,,1.1855,2027-08-06,41.19,True
AFCMO,Banco Comafi S.A.,30604731018,Financiero - Bancos,ARS,1,0.0,0.0,0.0,0.0,,,0.8816,2027-04-17,41.19,True
AFCNX,Banco Comafi S.A.,30604731018,Financiero - Bancos,ARS,1,0.0,0.0,0.0,0.0,,,0.8816,2027-04-17,41.19,True
AFCNX,Banco Comafi S.A.,30604731018,Financiero - Bancos,ARS,2,0.0,0.0,0.0,0.0,,,0.8816,2027-04-17,41.19,True
ARC1X,Aeropuertos Argentina 2000 S.A.,30696170580,Infraestructura - Aeropuertos,ARS,2,0.0,0.0,0.0,0.0,,,5.1718,2031-08-01,41.19,True
AU1LD,[AU1],,Sin mapear,USD,2,0.0,0.0,0.0,0.0,,,1.5633,2027-12-22,41.19,False
BACAX,[BAC],,Sin mapear,ARS,1,0.0,0.0,0.0,0.0,,,0.4326,2026-11-04,41.19,False
BACAX,[BAC],,Sin mapear,ARS,2,0.0,0.0,0.0,0.0,,,0.4326,2026-11-04,41.19,False
BACAY,[BAC],,Sin mapear,USD,1,0.0,0.0,0.0,0.0,,,0.4326,2026-11-04,41.19,False
BACAY,[BAC],,Sin mapear,USD,2,0.0,0.0,0.0,0.0,,,0.4326,2026-11-04,41.19,False
BACGY,[BAC],,Sin mapear,USD,1,0.0,0.0,0.0,0.0,,,3.0664,2029-06-23,41.19,False
BACHY,[BAC],,Sin mapear,USD,1,0.0,0.0,0.0,0.0,,,4.6653,2031-01-28,41.19,False
BACHY,[BAC],,Sin mapear,USD,2,0.0,0.0,0.0,0.0,,,4.6653,2031-01-28,41.19,False
BCCKO,Banco CMF S.A.,30576614299,Financiero - Bancos,ARS,1,0.0,0.0,0.0,0.0,,,0.2491,2026-08-29,41.19,True
BDCKO,BANCO DE CREDITO Y SECURITIZACION SA,30707227415,,ARS,2,0.0,0.0,0.0,0.0,,,0.46,2026-11-14,41.19,True
BF35X,Banco BBVA Argentina S.A.,30500003193,Financiero - Bancos,ARS,1,0.0,0.0,0.0,0.0,,,0.011,2026-06-03,41.19,True
BF35Y,Banco BBVA Argentina S.A.,30500003193,Financiero - Bancos,USD,1,0.0,0.0,0.0,0.0,,,0.011,2026-06-03,41.19,True
BF36X,Banco BBVA Argentina S.A.,30500003193,Financiero - Bancos,ARS,1,0.0,0.0,0.0,0.0,,,0.0301,2026-06-10,41.19,True
BF36X,Banco BBVA Argentina S.A.,30500003193,Financiero - Bancos,ARS,2,0.0,0.0,0.0,0.0,,,0.0301,2026-06-10,41.19,True
BF36Y,Banco BBVA Argentina S.A.,30500003193,Financiero - Bancos,USD,1,0.0,0.0,0.0,0.0,,,0.0301,2026-06-10,41.19,True
BF37D,Banco BBVA Argentina S.A.,30500003193,Financiero - Bancos,USD,1,0.0,0.0,0.0,0.0,,,0.23,2026-08-22,41.19,True
BF37D,Banco BBVA Argentina S.A.,30500003193,Financiero - Bancos,USD,2,0.0,102.2,0.0,0.0,,,0.23,2026-08-22,41.19,True
BF39D,Banco BBVA Argentina S.A.,30500003193,Financiero - Bancos,USD,1,0.0,0.0,0.0,0.0,,,0.5175,2026-12-05,41.19,True
BF40D,BANCO BBVA ARGENTINA S.A.,30500003193,,USD,1,0.0,0.0,0.0,0.0,,,1.243,2027-08-27,41.19,True
BF44D,BANCO BBVA ARGENTINA S.A.,30500003193,,USD,1,0.0,0.0,100.25,0.0,,,1.9411,2028-05-08,41.19,True
BF44D,BANCO BBVA ARGENTINA S.A.,30500003193,,USD,2,0.0,0.0,105.0,0.0,,,1.9411,2028-05-08,41.19,True
BF44O,BANCO BBVA ARGENTINA S.A.,30500003193,,ARS,1,0.0,0.0,143650.0,0.0,,,1.9411,2028-05-08,41.19,True
BF44O,BANCO BBVA ARGENTINA S.A.,30500003193,,ARS,2,0.0,0.0,143850.0,0.0,,,1.9411,2028-05-08,41.19,True
BF44X,BANCO BBVA ARGENTINA S.A.,30500003193,,ARS,1,0.0,0.0,0.0,0.0,,,1.9411,2028-05-08,41.19,True
BF44Z,BANCO BBVA ARGENTINA S.A.,30500003193,,EXT,1,0.0,0.0,0.0,0.0,,,1.9411,2028-05-08,41.19,True
BF45D,BANCO BBVA ARGENTINA S.A.,30500003193,,USD,2,0.0,98.1,0.0,0.0,,,0.9391,2027-05-08,41.19,True
BF45X,BANCO BBVA ARGENTINA S.A.,30500003193,,ARS,1,0.0,0.0,0.0,0.0,,,0.9391,2027-05-08,41.19,True
BGC4O,[BGC],,Sin mapear,ARS,1,0.0,0.0,0.0,0.0,,,0.4572,2026-11-13,41.19,False
BPCQY,Banco Supervielle S.A.,33500005179,Financiero - Bancos,USD,2,0.0,0.0,0.0,0.0,,,0.0356,2026-06-12,41.19,True
BPCSO,Banco Supervielle S.A.,33500005179,Financiero - Bancos,ARS,1,0.0,0.0,0.0,0.0,,,0.2409,2026-08-26,41.19,True
BPCSO,Banco Supervielle S.A.,33500005179,Financiero - Bancos,ARS,2,0.0,0.0,0.0,0.0,,,0.2409,2026-08-26,41.19,True
BPCTO,Banco Supervielle S.A.,33500005179,Financiero - Bancos,ARS,1,0.0,0.0,0.0,0.0,,,1.2402,2027-08-26,41.19,True
BPCTO,Banco Supervielle S.A.,33500005179,Financiero - Bancos,ARS,2,0.0,0.0,0.0,0.0,,,1.2402,2027-08-26,41.19,True
BPCUO,Banco Supervielle S.A.,33500005179,Financiero - Bancos,ARS,1,0.0,0.0,0.0,0.0,,,0.5147,2026-12-04,41.19,True
BPCUO,Banco Supervielle S.A.,33500005179,Financiero - Bancos,ARS,2,0.0,0.0,0.0,0.0,,,0.5147,2026-12-04,41.19,True
BPCUY,Banco Supervielle S.A.,33500005179,Financiero - Bancos,USD,2,0.0,0.0,0.0,0.0,,,0.5147,2026-12-04,41.19,True
BPCVO,Banco Supervielle S.A.,33500005179,Financiero - Bancos,ARS,2,0.0,0.0,0.0,0.0,,,0.9309,2027-05-05,41.19,True
BPCVY,Banco Supervielle S.A.,33500005179,Financiero - Bancos,USD,1,0.0,0.0,0.0,0.0,,,0.9309,2027-05-05,41.19,True
BPCVY,Banco Supervielle S.A.,33500005179,Financiero - Bancos,USD,2,0.0,0.0,0.0,0.0,,,0.9309,2027-05-05,41.19,True
BT21P,Compañía TSB S.A.,30707810927,Consumo - Automotriz,ARS,1,0.0,0.0,0.0,0.0,,,0.3094,2026-09-20,41.19,True
BT21P,Compañía TSB S.A.,30707810927,Consumo - Automotriz,ARS,2,0.0,0.0,0.0,0.0,,,0.3094,2026-09-20,41.19,True
BVCOO,Banco de Servicios y Transacciones S.A.,30704960995,Financiero - Bancos,ARS,1,0.0,0.0,0.0,0.0,,,0.1259,2026-07-15,41.19,True
BVCOO,Banco de Servicios y Transacciones S.A.,30704960995,Financiero - Bancos,ARS,2,0.0,0.0,0.0,0.0,,,0.1259,2026-07-15,41.19,True
BVCRX,Banco de Servicios y Transacciones S.A.,30704960995,Financiero - Bancos,ARS,1,0.0,0.0,0.0,0.0,,,0.6297,2027-01-15,41.19,True
BVCTX,Banco de Servicios y Transacciones S.A.,30704960995,Financiero - Bancos,ARS,2,0.0,0.0,0.0,0.0,,,0.6297,2027-01-15,41.19,True
BYC2O,Banco de Galicia y Buenos Aires S.A.,30500001735,Financiero - Bancos,ARS,1,0.0,0.0,0.0,0.0,,,0.1369,2026-07-19,41.19,True
BYC2O,Banco de Galicia y Buenos Aires S.A.,30500001735,Financiero - Bancos,ARS,2,0.0,0.0,0.0,0.0,,,0.1369,2026-07-19,41.19,True
BYC2P,Banco de Galicia y Buenos Aires S.A.,30500001735,Financiero - Bancos,USD,1,0.0,0.0,0.0,0.0,,,0.1369,2026-07-19,41.19,True
BYC2P,Banco de Galicia y Buenos Aires S.A.,30500001735,Financiero - Bancos,USD,2,0.0,0.0,0.0,0.0,,,0.1369,2026-07-19,41.19,True
BYC2X,Banco de Galicia y Buenos Aires S.A.,30500001735,Financiero - Bancos,ARS,1,0.0,0.0,0.0,0.0,,,0.1369,2026-07-19,41.19,True
BYC2X,Banco de Galicia y Buenos Aires S.A.,30500001735,Financiero - Bancos,ARS,2,0.0,0.0,0.0,0.0,,,0.1369,2026-07-19,41.19,True
BYCHX,Banco de Galicia y Buenos Aires S.A.,30500001735,Financiero - Bancos,ARS,1,0.0,0.0,0.0,0.0,,,2.3655,2028-10-10,41.19,True
BYCHX,Banco de Galicia y Buenos Aires S.A.,30500001735,Financiero - Bancos,ARS,2,0.0,0.0,0.0,0.0,,,2.3655,2028-10-10,41.19,True
BYCHY,Banco de Galicia y Buenos Aires S.A.,30500001735,Financiero - Bancos,USD,1,0.0,0.0,0.0,0.0,,,2.3655,2028-10-10,41.19,True
BYCHY,Banco de Galicia y Buenos Aires S.A.,30500001735,Financiero - Bancos,USD,2,0.0,0.0,0.0,0.0,,,2.3655,2028-10-10,41.19,True
BYCVC,Banco de Galicia y Buenos Aires S.A.,30500001735,Financiero - Bancos,EXT,2,0.0,0.0,0.0,0.0,,,0.2546,2026-08-31,41.19,True
BYCVD,Banco de Galicia y Buenos Aires S.A.,30500001735,Financiero - Bancos,USD,1,0.0,0.0,0.0,0.0,,,0.2546,2026-08-31,41.19,True
BYCVO,Banco de Galicia y Buenos Aires S.A.,30500001735,Financiero - Bancos,ARS,1,0.0,0.0,0.0,0.0,,,0.2546,2026-08-31,41.19,True
BYCVZ,Banco de Galicia y Buenos Aires S.A.,30500001735,Financiero - Bancos,EXT,1,0.0,0.0,0.0,0.0,,,0.2546,2026-08-31,41.19,True
BYCVZ,Banco de Galicia y Buenos Aires S.A.,30500001735,Financiero - Bancos,EXT,2,0.0,0.0,0.0,0.0,,,0.2546,2026-08-31,41.19,True
BYCWD,Banco de Galicia y Buenos Aires S.A.,30500001735,Financiero - Bancos,USD,1,0.0,0.0,0.0,0.0,,,0.5038,2026-11-30,41.19,True
BYCWO,Banco de Galicia y Buenos Aires S.A.,30500001735,Financiero - Bancos,ARS,1,0.0,0.0,0.0,0.0,,,0.5038,2026-11-30,41.19,True
BYCWY,Banco de Galicia y Buenos Aires S.A.,30500001735,Financiero - Bancos,USD,2,0.0,0.0,0.0,0.0,,,0.5038,2026-11-30,41.19,True
BYCXD,Banco de Galicia y Buenos Aires S.A.,30500001735,Financiero - Bancos,USD,1,0.0,0.0,0.0,0.0,,,0.5859,2026-12-30,41.19,True
BYCXY,Banco de Galicia y Buenos Aires S.A.,30500001735,Financiero - Bancos,USD,2,0.0,0.0,0.0,0.0,,,0.5859,2026-12-30,41.19,True
C138C,[C13],,Sin mapear,EXT,1,0.0,0.0,102.85,0.0,,,4.4983,2030-11-28,41.19,False
C138C,[C13],,Sin mapear,EXT,2,0.0,0.0,102.85,0.0,,,4.4983,2030-11-28,41.19,False
CAC5Y,Capex S.A.,30629827060,Energía - Electricidad,USD,1,0.0,0.0,0.0,0.0,,,2.2396,2028-08-25,41.19,True
CAC6O,Capex S.A.,30629827060,Energía - Electricidad,ARS,2,0.0,91510.0,0.0,0.0,,,0.2738,2026-09-07,41.19,True
CAC6Z,Capex S.A.,30629827060,Energía - Electricidad,EXT,1,0.0,0.0,0.0,0.0,,,0.2738,2026-09-07,41.19,True
CAC6Z,Capex S.A.,30629827060,Energía - Electricidad,EXT,2,0.0,0.0,0.0,0.0,,,0.2738,2026-09-07,41.19,True
CAC7O,Capex S.A.,30629827060,Energía - Electricidad,ARS,1,0.0,0.0,0.0,0.0,,,1.2731,2027-09-07,41.19,True
CAC7O,Capex S.A.,30629827060,Energía - Electricidad,ARS,2,0.0,100000.0,0.0,0.0,,,1.2731,2027-09-07,41.19,True
CAC7Z,Capex S.A.,30629827060,Energía - Electricidad,EXT,1,0.0,0.0,0.0,0.0,,,1.2731,2027-09-07,41.19,True
CAC7Z,Capex S.A.,30629827060,Energía - Electricidad,EXT,2,0.0,0.0,0.0,0.0,,,1.2731,2027-09-07,41.19,True
CACAO,CAPEX S.A.,30629827060,,ARS,1,0.0,0.0,0.0,0.0,,,1.0979,2027-07-05,41.19,True
CACAO,CAPEX S.A.,30629827060,,ARS,2,0.0,100000.0,0.0,0.0,,,1.0979,2027-07-05,41.19,True
CACBC,Capex S.A.,30629827060,Energía - Electricidad,EXT,2,0.0,0.0,0.0,0.0,,,2.0507,2028-06-17,41.19,True
CACBD,Capex S.A.,30629827060,Energía - Electricidad,USD,1,0.0,98.5,0.0,0.0,,,2.0507,2028-06-17,41.19,True
CACBO,Capex S.A.,30629827060,Energía - Electricidad,ARS,1,0.0,0.0,0.0,0.0,,,2.0507,2028-06-17,41.19,True
CACDC,Capex S.A.,30629827060,Energía - Electricidad,EXT,2,0.0,0.0,0.0,0.0,,,3.0144,2029-06-04,41.19,True
CACDD,Capex S.A.,30629827060,Energía - Electricidad,USD,1,0.0,0.0,0.0,0.0,,,3.0144,2029-06-04,41.19,True
CACDX,Capex S.A.,30629827060,Energía - Electricidad,ARS,2,0.0,0.0,0.0,0.0,,,3.0144,2029-06-04,41.19,True
CIC7D,CNH INDUSTRIAL CAPITAL ARGENTINA S.A.,30714322938,,USD,1,0.0,0.0,0.0,0.0,,,0.4545,2026-11-12,41.19,True
CIC8D,CNH INDUSTRIAL CAPITAL ARGENTINA S.A.,30714322938,,USD,1,0.0,0.0,0.0,0.0,,,2.4559,2028-11-12,41.19,True
CIC9O,CNH INDUSTRIAL CAPITAL ARGENTINA S.A.,30714322938,,ARS,1,0.0,0.0,0.0,0.0,,,0.9747,2027-05-21,41.19,True
CIC9O,CNH INDUSTRIAL CAPITAL ARGENTINA S.A.,30714322938,,ARS,2,0.0,0.0,160000.0,0.0,,,0.9747,2027-05-21,41.19,True
CLI1D,[CLI],,Sin mapear,USD,1,0.0,0.0,90.0,0.0,,,8.5311,2034-12-10,41.19,False
CLSIY,[CLS],,Sin mapear,USD,1,0.0,0.0,0.0,0.0,,,1.1554,2027-07-26,41.19,False
CLSIY,[CLS],,Sin mapear,USD,2,0.0,0.0,0.0,0.0,,,1.1554,2027-07-26,41.19,False
CMS1P,CREATIVE PMO INTERNATIONAL S.A.,30714763225,,ARS,1,0.0,0.0,0.0,0.0,,,0.3203,2026-09-24,41.19,True
CMS1P,CREATIVE PMO INTERNATIONAL S.A.,30714763225,,ARS,2,0.0,0.0,0.0,0.0,,,0.3203,2026-09-24,41.19,True
CP28C,CIA GENERAL DE COMBUSTIBLES S.A.,30506733932,,EXT,1,0.0,0.0,0.0,0.0,,,0.2738,2026-09-07,41.19,True
CP28C,CIA GENERAL DE COMBUSTIBLES S.A.,30506733932,,EXT,2,0.0,0.0,0.0,0.0,,,0.2738,2026-09-07,41.19,True
CP28X,CIA GENERAL DE COMBUSTIBLES S.A.,30506733932,,ARS,1,0.0,0.0,0.0,0.0,,,0.2738,2026-09-07,41.19,True
CP28X,CIA GENERAL DE COMBUSTIBLES S.A.,30506733932,,ARS,2,0.0,0.0,0.0,0.0,,,0.2738,2026-09-07,41.19,True
CP28Y,CIA GENERAL DE COMBUSTIBLES S.A.,30506733932,,USD,1,0.0,0.0,0.0,0.0,,,0.2738,2026-09-07,41.19,True
CP31C,Cía. General de Combustibles S.A.,30506733932,Energía - Gas,EXT,1,0.0,0.0,0.0,0.0,,,0.0274,2026-06-09,41.19,True
CP31C,Cía. General de Combustibles S.A.,30506733932,Energía - Gas,EXT,2,0.0,0.0,0.0,0.0,,,0.0274,2026-06-09,41.19,True
CP31D,Cía. General de Combustibles S.A.,30506733932,Energía - Gas,USD,1,0.0,0.0,0.0,0.0,,,0.0274,2026-06-09,41.19,True
CP31D,Cía. General de Combustibles S.A.,30506733932,Energía - Gas,USD,2,0.0,0.0,0.0,0.0,,,0.0274,2026-06-09,41.19,True
CP31O,Cía. General de Combustibles S.A.,30506733932,Energía - Gas,ARS,1,0.0,0.0,0.0,0.0,,,0.0274,2026-06-09,41.19,True
CP31O,Cía. General de Combustibles S.A.,30506733932,Energía - Gas,ARS,2,0.0,128020.0,0.0,0.0,,,0.0274,2026-06-09,41.19,True
CP36D,Cía. General de Combustibles S.A.,30506733932,Energía - Gas,USD,1,0.0,96.1,0.0,0.0,,,1.3634,2027-10-10,41.19,True
CP36O,Cía. General de Combustibles S.A.,30506733932,Energía - Gas,ARS,1,0.0,0.0,0.0,0.0,,,1.3634,2027-10-10,41.19,True
CP38X,Cía. General de Combustibles S.A.,30506733932,Energía - Gas,ARS,1,0.0,0.0,0.0,0.0,,,4.4983,2030-11-28,41.19,True
CP38X,Cía. General de Combustibles S.A.,30506733932,Energía - Gas,ARS,2,0.0,0.0,0.0,0.0,,,4.4983,2030-11-28,41.19,True
CP39O,Cía. General de Combustibles S.A.,30506733932,Energía - Gas,ARS,1,0.0,0.0,0.0,0.0,,,0.8296,2027-03-29,41.19,True
CP39O,Cía. General de Combustibles S.A.,30506733932,Energía - Gas,ARS,2,0.0,100000.0,0.0,0.0,,,0.8296,2027-03-29,41.19,True
CP39X,Cía. General de Combustibles S.A.,30506733932,Energía - Gas,ARS,2,0.0,0.0,0.0,0.0,,,0.8296,2027-03-29,41.19,True
CP40Y,CIA GENERAL DE COMBUSTIBLES S.A.,30506733932,,USD,2,0.0,0.0,0.0,0.0,,,1.7769,2028-03-09,41.19,True
CS40Z,Cresud S.A.C.I.F. y A.,30509300700,Agro - Real Estate,EXT,1,0.0,0.0,0.0,0.0,,,0.5613,2026-12-21,41.19,True
CS44C,Cresud S.A.C.I.F. y A.,30509300700,Agro - Real Estate,EXT,2,0.0,0.0,0.0,0.0,,,0.6352,2027-01-17,41.19,True
CS45C,Cresud S.A.C.I.F. y A.,30509300700,Agro - Real Estate,EXT,1,0.0,0.0,0.0,0.0,,,0.23,2026-08-22,41.19,True
CS45C,Cresud S.A.C.I.F. y A.,30509300700,Agro - Real Estate,EXT,2,0.0,0.0,0.0,0.0,,,0.23,2026-08-22,41.19,True
CS45D,Cresud S.A.C.I.F. y A.,30509300700,Agro - Real Estate,USD,1,0.0,0.0,0.0,0.0,,,0.23,2026-08-22,41.19,True
CS45O,Cresud S.A.C.I.F. y A.,30509300700,Agro - Real Estate,ARS,2,0.0,0.0,0.0,0.0,,,0.23,2026-08-22,41.19,True
CS45Z,Cresud S.A.C.I.F. y A.,30509300700,Agro - Real Estate,EXT,2,0.0,0.0,0.0,0.0,,,0.23,2026-08-22,41.19,True
CS46C,Cresud S.A.C.I.F. y A.,30509300700,Agro - Real Estate,EXT,1,0.0,0.0,0.0,0.0,,,1.1335,2027-07-18,41.19,True
CS46D,Cresud S.A.C.I.F. y A.,30509300700,Agro - Real Estate,USD,1,0.0,0.0,0.0,0.0,,,1.1335,2027-07-18,41.19,True
CS46O,Cresud S.A.C.I.F. y A.,30509300700,Agro - Real Estate,ARS,1,0.0,0.0,0.0,0.0,,,1.1335,2027-07-18,41.19,True
CS46O,Cresud S.A.C.I.F. y A.,30509300700,Agro - Real Estate,ARS,2,0.0,112010.0,0.0,0.0,,,1.1335,2027-07-18,41.19,True
CS46X,Cresud S.A.C.I.F. y A.,30509300700,Agro - Real Estate,ARS,2,0.0,0.0,0.0,0.0,,,1.1335,2027-07-18,41.19,True
CS47C,Cresud S.A.C.I.F. y A.,30509300700,Agro - Real Estate,EXT,1,0.0,0.0,0.0,0.0,,,2.4641,2028-11-15,41.19,True
CS47C,Cresud S.A.C.I.F. y A.,30509300700,Agro - Real Estate,EXT,2,0.0,0.0,0.0,0.0,,,2.4641,2028-11-15,41.19,True
CS47Y,Cresud S.A.C.I.F. y A.,30509300700,Agro - Real Estate,USD,1,0.0,0.0,0.0,0.0,,,2.4641,2028-11-15,41.19,True
CS47Y,Cresud S.A.C.I.F. y A.,30509300700,Agro - Real Estate,USD,2,0.0,0.0,0.0,0.0,,,2.4641,2028-11-15,41.19,True
CS49D,Cresud S.A.C.I.F. y A.,30509300700,Agro - Real Estate,USD,1,0.0,0.0,105.8,0.0,,,1.2594,2027-09-02,41.19,True
CS49O,Cresud S.A.C.I.F. y A.,30509300700,Agro - Real Estate,ARS,1,0.0,0.0,0.0,0.0,,,1.2594,2027-09-02,41.19,True
CS50C,Cresud S.A.C.I.F. y A.,30509300700,Agro - Real Estate,EXT,1,0.0,0.0,0.0,0.0,,,2.7789,2029-03-10,41.19,True
CS50C,Cresud S.A.C.I.F. y A.,30509300700,Agro - Real Estate,EXT,2,0.0,0.0,0.0,0.0,,,2.7789,2029-03-10,41.19,True
CS51X,Cresud S.A.C.I.F. y A.,30509300700,Agro - Real Estate,ARS,1,0.0,0.0,0.0,0.0,,,0.6434,2027-01-20,41.19,True
CS51Y,Cresud S.A.C.I.F. y A.,30509300700,Agro - Real Estate,USD,2,0.0,0.0,0.0,0.0,,,0.6434,2027-01-20,41.19,True
CS52X,Cresud S.A.C.I.F. y A.,30509300700,Agro - Real Estate,ARS,1,0.0,0.0,0.0,0.0,,,1.9192,2028-04-30,41.19,True
CS53D,Cresud S.A.C.I.F. y A.,30509300700,Agro - Real Estate,USD,1,0.0,0.0,106.0,0.0,,,3.9179,2030-04-30,41.19,True
CVS3V,[CVS],,Sin mapear,ARS,1,0.0,0.0,0.0,0.0,,,0.553,2026-12-18,41.19,False
CVS4V,[CVS],,Sin mapear,ARS,1,0.0,0.0,0.0,0.0,,,0.8049,2027-03-20,41.19,False
DEC2O,Empresa Distrib. de Electricidad Salta S.A.,30690633635,Energía - Electricidad,ARS,1,0.0,0.0,0.0,0.0,,,0.7392,2027-02-24,41.19,True
DF1LC,[DF1],,Sin mapear,EXT,1,0.0,0.0,1.0,0.0,,,2.9979,2029-05-29,41.19,False
DF1LD,[DF1],,Sin mapear,USD,1,0.0,0.0,1.0,0.0,,,2.9979,2029-05-29,41.19,False
DFS1L,[DFS],,Sin mapear,ARS,1,0.0,0.0,1.0,0.0,,,2.9979,2029-05-29,41.19,False
DHSEO,CREDICUOTAS CONSUMO S.A.,30710911580,,ARS,1,0.0,0.0,0.0,0.0,,,0.0192,2026-06-06,41.19,True
DHSEO,CREDICUOTAS CONSUMO S.A.,30710911580,,ARS,2,0.0,0.0,0.0,0.0,,,0.0192,2026-06-06,41.19,True
DHSEX,CREDICUOTAS CONSUMO S.A.,30710911580,,ARS,1,0.0,0.0,0.0,0.0,,,0.0192,2026-06-06,41.19,True
DHSEX,CREDICUOTAS CONSUMO S.A.,30710911580,,ARS,2,0.0,0.0,0.0,0.0,,,0.0192,2026-06-06,41.19,True
DHSGO,Credicuotas Consumo S.A.,30710911580,Financiero - Crédito Consumo,ARS,2,0.0,0.0,0.0,0.0,,,0.2793,2026-09-09,41.19,True
DHSHO,Credicuotas Consumo S.A.,30710911580,Financiero - Crédito Consumo,ARS,2,0.0,0.0,0.0,0.0,,,0.0274,2026-06-09,41.19,True
DI2LC.SB,[DI2],,Sin mapear,EXT,1,0.0,0.0,1.0,0.0,,,2.5024,2028-11-29,41.19,False
DI2LC,[DI2],,Sin mapear,EXT,1,0.0,0.0,1.0,0.0,,,2.5024,2028-11-29,41.19,False
DI2LD.SB,[DI2],,Sin mapear,USD,1,0.0,0.0,1.0,0.0,,,2.5024,2028-11-29,41.19,False
DI2LD,[DI2],,Sin mapear,USD,1,0.0,0.0,1.0,0.0,,,2.5024,2028-11-29,41.19,False
DIC2L.SB,[DIC],,Sin mapear,ARS,1,0.0,0.0,1.0,0.0,,,2.5024,2028-11-29,41.19,False
DIC2L,[DIC],,Sin mapear,ARS,1,0.0,0.0,1.0,0.0,,,2.5024,2028-11-29,41.19,False
DNC5Y,EDENOR S.A.,30655116202,,USD,1,0.0,0.0,0.0,0.0,,,2.1848,2028-08-05,41.19,True
DNC7C,EDENOR S.A.,30655116202,,EXT,1,0.0,0.0,0.0,0.0,,,4.4025,2030-10-24,41.19,True
DNC7Y,EDENOR S.A.,30655116202,,USD,1,0.0,0.0,0.0,0.0,,,4.4025,2030-10-24,41.19,True
DNC7Y,EDENOR S.A.,30655116202,,USD,2,0.0,0.0,0.0,0.0,,,4.4025,2030-10-24,41.19,True
DNCAC,EDENOR S.A.,30655116202,,EXT,1,0.0,0.0,105.0,0.0,,,6.9131,2033-04-28,41.19,True
DNCAX,EDENOR S.A.,30655116202,,ARS,2,0.0,0.0,0.0,0.0,,,6.9131,2033-04-28,41.19,True
DNCAY,EDENOR S.A.,30655116202,,USD,2,0.0,0.0,0.0,0.0,,,6.9131,2033-04-28,41.19,True
EAC1D,MSU GREEN ENERGY S.A.U.,30714155128,,USD,1,0.0,0.0,0.0,0.0,,,0.3696,2026-10-12,41.19,True
EAC1D,MSU GREEN ENERGY S.A.U.,30714155128,,USD,2,0.0,0.0,0.0,0.0,,,0.3696,2026-10-12,41.19,True
EAC1O,MSU GREEN ENERGY S.A.U.,30714155128,,ARS,1,0.0,0.0,0.0,0.0,,,0.3696,2026-10-12,41.19,True
EAC1O,MSU GREEN ENERGY S.A.U.,30714155128,,ARS,2,0.0,0.0,0.0,0.0,,,0.3696,2026-10-12,41.19,True
EAC3Y,MSU GREEN ENERGY S.A.U.,30714155128,,USD,1,0.0,0.0,0.0,0.0,,,2.5599,2028-12-20,41.19,True
EAC3Y,MSU GREEN ENERGY S.A.U.,30714155128,,USD,2,0.0,0.0,0.0,0.0,,,2.5599,2028-12-20,41.19,True
EMC1X,[EMC],,Sin mapear,ARS,1,0.0,0.0,0.0,0.0,,,1.0951,2027-07-04,41.19,False
FO4BD,[FO4],,Sin mapear,USD,2,0.0,98.1,0.0,0.0,,,0.6434,2027-01-20,41.19,False
FPC1O,[FPC],,Sin mapear,ARS,2,0.0,0.0,140000.0,0.0,,,1.7002,2028-02-10,41.19,False
FTL1O,FCA CIA. FINANCIERA SA,30692304884,,ARS,2,0.0,0.0,0.0,0.0,,,0.9966,2027-05-29,41.19,True
FTN1X,[FTN],,Sin mapear,ARS,1,0.0,0.0,0.0,0.0,,,1.7385,2028-02-24,41.19,False
FTN1X,[FTN],,Sin mapear,ARS,2,0.0,0.0,0.0,0.0,,,1.7385,2028-02-24,41.19,False
FTN3X,[FTN],,Sin mapear,ARS,1,0.0,0.0,0.0,0.0,,,0.7392,2027-02-24,41.19,False
FTN3X,[FTN],,Sin mapear,ARS,2,0.0,0.0,0.0,0.0,,,0.7392,2027-02-24,41.19,False
FYC1O,[FYC],,Sin mapear,ARS,2,0.0,0.0,0.0,0.0,,,2.9487,2029-05-11,41.19,False
GMCGO,GENERACION MEDITERRANEA S.A.,30682434720,,ARS,1,0.0,0.0,0.0,0.0,,,0.1615,2026-07-28,41.19,True
GMCGO,GENERACION MEDITERRANEA S.A.,30682434720,,ARS,2,0.0,0.0,0.0,0.0,,,0.1615,2026-07-28,41.19,True
GN37O,Genneia S.A.,30665234114,Energía - Renovable,ARS,1,0.0,0.0,0.0,0.0,,,0.4517,2026-11-11,41.19,True
GN37O,Genneia S.A.,30665234114,Energía - Renovable,ARS,2,0.0,0.0,0.0,0.0,,,0.4517,2026-11-11,41.19,True
GN37Z,Genneia S.A.,30665234114,Energía - Renovable,EXT,1,0.0,0.0,0.0,0.0,,,0.4517,2026-11-11,41.19,True
GN37Z,Genneia S.A.,30665234114,Energía - Renovable,EXT,2,0.0,0.0,0.0,0.0,,,0.4517,2026-11-11,41.19,True
GN41O,Genneia S.A.,30665234114,Energía - Renovable,ARS,1,0.0,0.0,0.0,0.0,,,0.1232,2026-07-14,41.19,True
GN41O,Genneia S.A.,30665234114,Energía - Renovable,ARS,2,0.0,125010.0,0.0,0.0,,,0.1232,2026-07-14,41.19,True
GN42O,Genneia S.A.,30665234114,Energía - Renovable,ARS,1,0.0,0.0,0.0,0.0,,,0.961,2027-05-16,41.19,True
GN42O,Genneia S.A.,30665234114,Energía - Renovable,ARS,2,0.0,125020.0,0.0,0.0,,,0.961,2027-05-16,41.19,True
GN43O,Genneia S.A.,30665234114,Energía - Renovable,ARS,1,0.0,0.0,0.0,0.0,,,0.7721,2027-03-08,41.19,True
GN47C,Genneia S.A.,30665234114,Energía - Renovable,EXT,2,0.0,0.0,0.0,0.0,,,2.3847,2028-10-17,41.19,True
GN47X,Genneia S.A.,30665234114,Energía - Renovable,ARS,2,0.0,0.0,0.0,0.0,,,2.3847,2028-10-17,41.19,True
GN48C,Genneia S.A.,30665234114,Energía - Renovable,EXT,2,0.0,0.0,0.0,0.0,,,1.7659,2028-03-05,41.19,True
GN48D,Genneia S.A.,30665234114,Energía - Renovable,USD,1,0.0,0.0,0.0,0.0,,,1.7659,2028-03-05,41.19,True
GN48O,Genneia S.A.,30665234114,Energía - Renovable,ARS,1,0.0,0.0,0.0,0.0,,,1.7659,2028-03-05,41.19,True
GN48O,Genneia S.A.,30665234114,Energía - Renovable,ARS,2,0.0,0.0,0.0,0.0,,,1.7659,2028-03-05,41.19,True
GOC4O,GENERACION LITORAL SA,33715184139,,ARS,1,0.0,0.0,0.0,0.0,,,2.9131,2029-04-28,41.19,True
GOC4O,GENERACION LITORAL SA,33715184139,,ARS,2,0.0,118200.0,0.0,0.0,,,2.9131,2029-04-28,41.19,True
GYC3O,[GYC],,Sin mapear,ARS,2,0.0,0.0,120000.0,0.0,,,5.7741,2032-03-08,41.19,False
GYC4D,[GYC],,Sin mapear,USD,1,0.0,0.0,0.0,0.0,,,1.4182,2027-10-30,41.19,False
GYC5D,[GYC],,Sin mapear,USD,1,0.0,0.0,105.0,0.0,,,1.2676,2027-09-05,41.19,False
GYC5O,[GYC],,Sin mapear,ARS,1,0.0,0.0,0.0,0.0,,,1.2676,2027-09-05,41.19,False
HBCAO,BANCO HIPOTECARIO S.A.,30500011072,,ARS,1,0.0,0.0,0.0,0.0,,,0.23,2026-08-22,41.19,True
HBCAO,BANCO HIPOTECARIO S.A.,30500011072,,ARS,2,0.0,0.0,150000.0,0.0,,,0.23,2026-08-22,41.19,True
HBCBO,BANCO HIPOTECARIO S.A.,30500011072,,ARS,1,0.0,0.0,0.0,0.0,,,0.4764,2026-11-20,41.19,True
HBCFY,BANCO HIPOTECARIO S.A.,30500011072,,USD,2,0.0,0.0,0.0,0.0,,,0.7365,2027-02-23,41.19,True
HJCBO,John Deere Credit Cía. Financiera S.A.,30707024859,Financiero - Crédito Industrial,ARS,1,0.0,0.0,0.0,0.0,,,0.0,2026-05-30,41.19,True
HJCFC,John Deere Credit Cía. Financiera S.A.,30707024859,Financiero - Crédito Industrial,EXT,2,0.0,0.0,0.0,0.0,,,0.3943,2026-10-21,41.19,True
HJCFO,John Deere Credit Cía. Financiera S.A.,30707024859,Financiero - Crédito Industrial,ARS,1,0.0,0.0,0.0,0.0,,,0.3943,2026-10-21,41.19,True
HJCFO,John Deere Credit Cía. Financiera S.A.,30707024859,Financiero - Crédito Industrial,ARS,2,0.0,0.0,0.0,0.0,,,0.3943,2026-10-21,41.19,True
HJCGO,John Deere Credit Cía. Financiera S.A.,30707024859,Financiero - Crédito Industrial,ARS,1,0.0,0.0,0.0,0.0,,,2.3956,2028-10-21,41.19,True
HJCHD,John Deere Credit Cía. Financiera S.A.,30707024859,Financiero - Crédito Industrial,USD,1,0.0,99.51,0.0,0.0,,,1.6345,2028-01-17,41.19,True
HJCJO,John Deere Credit Cía. Financiera S.A.,30707024859,Financiero - Crédito Industrial,ARS,1,0.0,0.0,0.0,0.0,,,1.1526,2027-07-25,41.19,True
HJCKO,John Deere Credit Cía. Financiera S.A.,30707024859,Financiero - Crédito Industrial,ARS,1,0.0,0.0,0.0,0.0,,,2.6338,2029-01-16,41.19,True
HVS1Y,[HVS],,Sin mapear,USD,2,0.0,0.0,0.0,0.0,,,2.1081,2028-07-08,41.19,False
IRCFC,IRSA Inversiones y Representaciones S.A.,30524688673,Real Estate,EXT,1,0.0,0.0,0.0,0.0,,,2.0643,2028-06-22,41.19,True
IRCFC,IRSA Inversiones y Representaciones S.A.,30524688673,Real Estate,EXT,2,0.0,0.0,0.0,0.0,,,2.0643,2028-06-22,41.19,True
IRCJC,IRSA Inversiones y Representaciones S.A.,30524688673,Real Estate,EXT,1,0.0,0.0,0.0,0.0,,,0.7502,2027-02-28,41.19,True
IRCJC,IRSA Inversiones y Representaciones S.A.,30524688673,Real Estate,EXT,2,0.0,0.0,0.0,0.0,,,0.7502,2027-02-28,41.19,True
IRCND,IRSA Inversiones y Representaciones S.A.,30524688673,Real Estate,USD,1,0.0,0.0,0.0,0.0,,,1.399,2027-10-23,41.19,True
IRCOY,IRSA Inversiones y Representaciones S.A.,30524688673,Real Estate,USD,2,0.0,0.0,0.0,0.0,,,3.4004,2029-10-23,41.19,True
IRCPY,IRSA Inversiones y Representaciones S.A.,30524688673,Real Estate,USD,1,0.0,0.0,0.0,0.0,,,8.835,2035-03-31,41.19,True
IRCPY,IRSA Inversiones y Representaciones S.A.,30524688673,Real Estate,USD,2,0.0,0.0,0.0,0.0,,,8.835,2035-03-31,41.19,True
JNC5Y,[JNC],,Sin mapear,USD,2,0.0,0.0,0.0,0.0,,,0.3614,2026-10-09,41.19,False
LDCGO,[LDC],,Sin mapear,ARS,1,0.0,0.0,0.0,0.0,,,1.347,2027-10-04,41.19,False
LIC6O,[LIC],,Sin mapear,ARS,1,0.0,0.0,0.0,0.0,,,0.0903,2026-07-02,41.19,False
LMS6C,BLM DESARROLLOS SA,30718221516,,EXT,1,0.0,0.0,0.0,0.0,,,1.911,2028-04-27,41.19,True
LMS6X,BLM DESARROLLOS SA,30718221516,,ARS,1,0.0,0.0,0.0,0.0,,,1.911,2028-04-27,41.19,True
LMS6X,BLM DESARROLLOS SA,30718221516,,ARS,2,0.0,0.0,0.0,0.0,,,1.911,2028-04-27,41.19,True
LMS6Y,BLM DESARROLLOS SA,30718221516,,USD,1,0.0,0.0,0.0,0.0,,,1.911,2028-04-27,41.19,True
LMS7C,BLM DESARROLLOS SA,30718221516,,EXT,1,0.0,0.0,0.0,0.0,,,2.371,2028-10-12,41.19,True
LMS7X,BLM DESARROLLOS SA,30718221516,,ARS,1,0.0,0.0,0.0,0.0,,,2.371,2028-10-12,41.19,True
LMS7X,BLM DESARROLLOS SA,30718221516,,ARS,2,0.0,0.0,0.0,0.0,,,2.371,2028-10-12,41.19,True
LMS7Y,BLM DESARROLLOS SA,30718221516,,USD,1,0.0,0.0,0.0,0.0,,,2.371,2028-10-12,41.19,True
LMS7Y,BLM DESARROLLOS SA,30718221516,,USD,2,0.0,0.0,0.0,0.0,,,2.371,2028-10-12,41.19,True
LMS8D,BLM DESARROLLOS SA,30718221516,,USD,1,0.0,100.0,0.0,0.0,,,0.8077,2027-03-21,41.19,True
LMS8X,BLM DESARROLLOS SA,30718221516,,ARS,1,0.0,0.0,0.0,0.0,,,0.8077,2027-03-21,41.19,True
LMS8X,BLM DESARROLLOS SA,30718221516,,ARS,2,0.0,0.0,0.0,0.0,,,0.8077,2027-03-21,41.19,True
LMS8Y,BLM DESARROLLOS SA,30718221516,,USD,1,0.0,0.0,0.0,0.0,,,0.8077,2027-03-21,41.19,True
LMS8Y,BLM DESARROLLOS SA,30718221516,,USD,2,0.0,0.0,0.0,0.0,,,0.8077,2027-03-21,41.19,True
LMS9D,BLM DESARROLLOS SA,30718221516,,USD,1,0.0,104.5,0.0,0.0,,,0.0383,2026-06-13,41.19,True
LMS9D,BLM DESARROLLOS SA,30718221516,,USD,2,0.0,99.91,0.0,0.0,,,0.0383,2026-06-13,41.19,True
LMS9Y,BLM DESARROLLOS SA,30718221516,,USD,2,0.0,0.0,0.0,0.0,,,0.0383,2026-06-13,41.19,True
LR6BC,Laboratorios Richmond S.A.C.I.F.,30501152826,Salud - Farma,EXT,1,0.0,0.0,0.0,0.0,,,0.2053,2026-08-13,41.19,True
LR6BO,Laboratorios Richmond S.A.C.I.F.,30501152826,Salud - Farma,ARS,1,0.0,0.0,0.0,0.0,,,0.2053,2026-08-13,41.19,True
LR6BO,Laboratorios Richmond S.A.C.I.F.,30501152826,Salud - Farma,ARS,2,0.0,0.0,49900.0,0.0,,,0.2053,2026-08-13,41.19,True
LR7BO,LABORATORIOS RICHMOND S.A.C.I.F.,30501152826,,ARS,2,0.0,0.0,0.0,0.0,,,0.5311,2026-12-10,41.19,True
LUC3X,[LUC],,Sin mapear,ARS,1,0.0,0.0,0.0,0.0,,,5.9329,2032-05-05,41.19,False
LUC3X,[LUC],,Sin mapear,ARS,2,0.0,0.0,0.0,0.0,,,5.9329,2032-05-05,41.19,False
LUC4D,[LUC],,Sin mapear,USD,1,0.0,0.0,0.0,0.0,,,0.334,2026-09-29,41.19,False
LUC4D,[LUC],,Sin mapear,USD,2,0.0,0.0,0.0,0.0,,,0.334,2026-09-29,41.19,False
LUC4X,[LUC],,Sin mapear,ARS,1,0.0,0.0,0.0,0.0,,,0.334,2026-09-29,41.19,False
LUC4X,[LUC],,Sin mapear,ARS,2,0.0,0.0,0.0,0.0,,,0.334,2026-09-29,41.19,False
LUC5X,[LUC],,Sin mapear,ARS,1,0.0,0.0,0.0,0.0,,,2.7461,2029-02-26,41.19,False
MCC2C,[MCC],,Sin mapear,EXT,1,0.0,0.0,0.0,0.0,,,1.0103,2027-06-03,41.19,False
MCC2C,[MCC],,Sin mapear,EXT,2,0.0,0.0,0.0,0.0,,,1.0103,2027-06-03,41.19,False
MCC2Y,[MCC],,Sin mapear,USD,2,0.0,0.0,0.0,0.0,,,1.0103,2027-06-03,41.19,False
MCC3C,[MCC],,Sin mapear,EXT,1,0.0,0.0,101.1,0.0,,,3.948,2030-05-11,41.19,False
MCC3C,[MCC],,Sin mapear,EXT,2,0.0,0.0,0.0,0.0,,,3.948,2030-05-11,41.19,False
MGCEO,Pampa Energía S.A.,30526552659,Energía - Electricidad,ARS,1,0.0,0.0,0.0,0.0,,,1.5551,2027-12-19,41.19,True
MGCEX,Pampa Energía S.A.,30526552659,Energía - Electricidad,ARS,1,0.0,0.0,0.0,0.0,,,1.5551,2027-12-19,41.19,True
MGCEX,Pampa Energía S.A.,30526552659,Energía - Electricidad,ARS,2,0.0,0.0,0.0,0.0,,,1.5551,2027-12-19,41.19,True
MGCMC,Pampa Energía S.A.,30526552659,Energía - Electricidad,EXT,1,0.0,0.0,0.0,0.0,,,5.2813,2031-09-10,41.19,True
MGCMC,Pampa Energía S.A.,30526552659,Energía - Electricidad,EXT,2,0.0,0.0,0.0,0.0,,,5.2813,2031-09-10,41.19,True
MGCMX,Pampa Energía S.A.,30526552659,Energía - Electricidad,ARS,1,0.0,0.0,0.0,0.0,,,5.2813,2031-09-10,41.19,True
MGCMX,Pampa Energía S.A.,30526552659,Energía - Electricidad,ARS,2,0.0,0.0,0.0,0.0,,,5.2813,2031-09-10,41.19,True
MGCNX,Pampa Energía S.A.,30526552659,Energía - Electricidad,ARS,2,0.0,0.0,0.0,0.0,,,2.3491,2028-10-04,41.19,True
MGCOC,Pampa Energía S.A.,30526552659,Energía - Electricidad,EXT,1,0.0,0.0,0.0,0.0,,,8.5476,2034-12-16,41.19,True
MGCOC,Pampa Energía S.A.,30526552659,Energía - Electricidad,EXT,2,0.0,0.0,0.0,0.0,,,8.5476,2034-12-16,41.19,True
MGCOX,Pampa Energía S.A.,30526552659,Energía - Electricidad,ARS,1,0.0,0.0,0.0,0.0,,,8.5476,2034-12-16,41.19,True
MGCOX,Pampa Energía S.A.,30526552659,Energía - Electricidad,ARS,2,0.0,0.0,0.0,0.0,,,8.5476,2034-12-16,41.19,True
MGCQC,Pampa Energía S.A.,30526552659,Energía - Electricidad,EXT,1,0.0,0.0,0.0,0.0,,,2.1875,2028-08-06,41.19,True
MGCQZ,Pampa Energía S.A.,30526552659,Energía - Electricidad,EXT,1,0.0,0.0,0.0,0.0,,,2.1875,2028-08-06,41.19,True
MGCRX,Pampa Energía S.A.,30526552659,Energía - Electricidad,ARS,2,0.0,0.0,0.0,0.0,,,11.4606,2037-11-14,41.19,True
MGCRZ,Pampa Energía S.A.,30526552659,Energía - Electricidad,EXT,2,0.0,0.0,0.0,0.0,,,11.4606,2037-11-14,41.19,True
MIC3D,MIRGOR S.A.,30578036071,,USD,1,0.0,0.0,0.0,0.0,,,0.4517,2026-11-11,41.19,True
MIC3O,MIRGOR S.A.,30578036071,,ARS,1,0.0,0.0,0.0,0.0,,,0.4517,2026-11-11,41.19,True
MIC6O,MIRGOR S.A.,30578036071,,ARS,1,0.0,0.0,0.0,0.0,,,1.9959,2028-05-28,41.19,True
MJC1O,[MJC],,Sin mapear,ARS,2,0.0,0.0,0.0,0.0,,,0.7255,2027-02-19,41.19,False
MR39D,Generación Mediterránea / Central Térmica Roca S.A.,33711944899,Energía - Electricidad,USD,1,0.0,0.0,80.0,0.0,,,5.4237,2031-11-01,41.19,True
MR39Z,Generación Mediterránea / Central Térmica Roca S.A.,33711944899,Energía - Electricidad,EXT,1,0.0,0.0,0.0,0.0,,,5.4237,2031-11-01,41.19,True
MR39Z,Generación Mediterránea / Central Térmica Roca S.A.,33711944899,Energía - Electricidad,EXT,2,0.0,0.0,0.0,0.0,,,5.4237,2031-11-01,41.19,True
MR41D,Generación Mediterránea / Central Térmica Roca S.A.,33711944899,Energía - Electricidad,USD,2,0.0,0.0,0.0,0.0,,,5.4237,2031-11-01,41.19,True
MSSBX,MSU S.A.,30607597193,Energía,ARS,2,0.0,0.0,0.0,0.0,,,0.46,2026-11-14,41.19,True
MSSEC,MSU S.A.,30607597193,Energía,EXT,1,0.0,0.0,0.0,0.0,,,0.1314,2026-07-17,41.19,True
MSSEC,MSU S.A.,30607597193,Energía,EXT,2,0.0,0.0,0.0,0.0,,,0.1314,2026-07-17,41.19,True
MSSED,MSU S.A.,30607597193,Energía,USD,1,0.0,0.0,106.95,0.0,,,0.1314,2026-07-17,41.19,True
MSSEZ,MSU S.A.,30607597193,Energía,EXT,1,0.0,0.0,0.0,0.0,,,0.1314,2026-07-17,41.19,True
MSSFO,MSU S.A.,30607597193,Energía,ARS,1,0.0,0.0,0.0,0.0,,,1.1472,2027-07-23,41.19,True
MSSGC,MSU S.A.,30607597193,Energía,EXT,2,0.0,0.0,0.0,0.0,,,2.8802,2029-04-16,41.19,True
MSSGO,MSU S.A.,30607597193,Energía,ARS,1,0.0,0.0,0.0,0.0,,,2.8802,2029-04-16,41.19,True
MTCGX,Mastellone Hermanos S.A.,30547242331,Alimentos - Lácteos,ARS,1,0.0,0.0,0.0,0.0,,,0.0849,2026-06-30,41.19,True
MTCGX,Mastellone Hermanos S.A.,30547242331,Alimentos - Lácteos,ARS,2,0.0,0.0,0.0,0.0,,,0.0849,2026-06-30,41.19,True
MU31D,[MU3],,Sin mapear,USD,2,0.0,0.0,0.0,0.0,,,0.0548,2026-06-19,41.19,False
MU32D,[MU3],,Sin mapear,USD,1,0.0,0.0,0.0,0.0,,,1.5551,2027-12-19,41.19,False
MU32D,[MU3],,Sin mapear,USD,2,0.0,0.0,0.0,0.0,,,1.5551,2027-12-19,41.19,False
MU32O,[MU3],,Sin mapear,ARS,1,0.0,0.0,0.0,0.0,,,1.5551,2027-12-19,41.19,False
MU32O,[MU3],,Sin mapear,ARS,2,0.0,0.0,0.0,0.0,,,1.5551,2027-12-19,41.19,False
MU32Z,[MU3],,Sin mapear,EXT,1,0.0,0.0,0.0,0.0,,,1.5551,2027-12-19,41.19,False
NBS1C,Balanz Capital Valores S.A.,30710630670,Financiero,EXT,2,0.0,0.0,0.0,0.0,,,0.0192,2026-06-06,41.19,True
NBS1Y,Balanz Capital Valores S.A.,30710630670,Financiero,USD,1,0.0,0.0,0.0,0.0,,,0.0192,2026-06-06,41.19,True
NHC1O,NUEVO BANCO DEL CHACO S.A.,30670157799,,ARS,2,0.0,0.0,0.0,0.0,,,0.5284,2026-12-09,41.19,True
NHC1X,NUEVO BANCO DEL CHACO S.A.,30670157799,,ARS,1,0.0,0.0,0.0,0.0,,,0.5284,2026-12-09,41.19,True
NLCJC.SB,[NLC],,Sin mapear,EXT,1,0.0,0.0,1.0,0.0,,,0.9966,2027-05-29,41.19,False
NLCJC,[NLC],,Sin mapear,EXT,1,0.0,0.0,1.0,0.0,,,0.9966,2027-05-29,41.19,False
NLCJD.SB,[NLC],,Sin mapear,USD,1,0.0,0.0,1.0,0.0,,,0.9966,2027-05-29,41.19,False
NLCJD,[NLC],,Sin mapear,USD,1,0.0,0.0,1.0,0.0,,,0.9966,2027-05-29,41.19,False
NLCJO.SB,[NLC],,Sin mapear,ARS,1,0.0,0.0,1.0,0.0,,,0.9966,2027-05-29,41.19,False
NLCJO,[NLC],,Sin mapear,ARS,1,0.0,0.0,1.0,0.0,,,0.9966,2027-05-29,41.19,False
NLCJX,[NLC],,Sin mapear,ARS,1,0.0,0.0,1.0,0.0,,,0.9966,2027-05-29,41.19,False
NLCJY,[NLC],,Sin mapear,USD,1,0.0,0.0,1.0,0.0,,,0.9966,2027-05-29,41.19,False
NLCJZ,[NLC],,Sin mapear,EXT,1,0.0,0.0,1.0,0.0,,,0.9966,2027-05-29,41.19,False
OLC2D,OLEODUCTOS DEL VALLE S.A.,30658840165,,USD,1,0.0,0.0,0.0,0.0,,,2.0287,2028-06-09,41.19,True
OLC2X,OLEODUCTOS DEL VALLE S.A.,30658840165,,ARS,1,0.0,0.0,0.0,0.0,,,2.0287,2028-06-09,41.19,True
OLC2X,OLEODUCTOS DEL VALLE S.A.,30658840165,,ARS,2,0.0,0.0,0.0,0.0,,,2.0287,2028-06-09,41.19,True
OLC3D,OLEODUCTOS DEL VALLE S.A.,30658840165,,USD,1,0.0,0.0,0.0,0.0,,,1.1116,2027-07-10,41.19,True
OLC4D,OLEODUCTOS DEL VALLE S.A.,30658840165,,USD,1,0.0,0.0,0.0,0.0,,,0.0411,2026-06-14,41.19,True
OLC4O,OLEODUCTOS DEL VALLE S.A.,30658840165,,ARS,1,0.0,0.0,0.0,0.0,,,0.0411,2026-06-14,41.19,True
OLC4O,OLEODUCTOS DEL VALLE S.A.,30658840165,,ARS,2,0.0,130100.0,0.0,0.0,,,0.0411,2026-06-14,41.19,True
OLC4Z,OLEODUCTOS DEL VALLE S.A.,30658840165,,EXT,1,0.0,0.0,0.0,0.0,,,0.0411,2026-06-14,41.19,True
OLC4Z,OLEODUCTOS DEL VALLE S.A.,30658840165,,EXT,2,0.0,0.0,0.0,0.0,,,0.0411,2026-06-14,41.19,True
OLC6C,OLEODUCTOS DEL VALLE S.A.,30658840165,,EXT,2,0.0,0.0,0.0,0.0,,,3.0171,2029-06-05,41.19,True
OLC6Y,OLEODUCTOS DEL VALLE S.A.,30658840165,,USD,2,0.0,0.0,0.0,0.0,,,3.0171,2029-06-05,41.19,True
OLC7C,OLEODUCTOS DEL VALLE S.A.,30658840165,,EXT,1,0.0,0.0,0.0,0.0,,,3.7372,2030-02-23,41.19,True
OLC7C,OLEODUCTOS DEL VALLE S.A.,30658840165,,EXT,2,0.0,0.0,0.0,0.0,,,3.7372,2030-02-23,41.19,True
OLC7Y,OLEODUCTOS DEL VALLE S.A.,30658840165,,USD,1,0.0,0.0,0.0,0.0,,,3.7372,2030-02-23,41.19,True
OR3BD,Agronorte S.R.L.,30547794482,Agro,USD,1,0.0,0.0,0.0,0.0,,,0.9966,2027-05-29,41.19,True
OR3BD,Agronorte S.R.L.,30547794482,Agro,USD,2,0.0,0.0,0.0,0.0,,,0.9966,2027-05-29,41.19,True
OR3BP,Agronorte S.R.L.,30547794482,Agro,ARS,1,0.0,0.0,0.0,0.0,,,0.9966,2027-05-29,41.19,True
OR3BP,Agronorte S.R.L.,30547794482,Agro,ARS,2,0.0,0.0,0.0,0.0,,,0.9966,2027-05-29,41.19,True
OTS2D,[OTS],,Sin mapear,USD,1,0.0,0.0,0.0,0.0,,,0.9008,2027-04-24,41.19,False
OTS2Y,[OTS],,Sin mapear,USD,1,0.0,0.0,0.0,0.0,,,0.9008,2027-04-24,41.19,False
OTS2Y,[OTS],,Sin mapear,USD,2,0.0,0.0,0.0,0.0,,,0.9008,2027-04-24,41.19,False
OTS3D,[OTS],,Sin mapear,USD,1,0.0,99.1,0.0,0.0,,,2.4257,2028-11-01,41.19,False
OTS5O,[OTS],,Sin mapear,ARS,1,0.0,0.0,0.0,0.0,,,0.3997,2026-10-23,41.19,False
OTS6O,[OTS],,Sin mapear,ARS,1,0.0,0.0,0.0,0.0,,,3.165,2029-07-29,41.19,False
OZC6C,EMPRESA DISTRIB DE ELECTRICIDAD DE MENDOZA S.A.,30699542454,,EXT,1,0.0,0.0,0.0,0.0,,,5.1608,2031-07-28,41.19,True
OZC6C,EMPRESA DISTRIB DE ELECTRICIDAD DE MENDOZA S.A.,30699542454,,EXT,2,0.0,0.0,0.0,0.0,,,5.1608,2031-07-28,41.19,True
OZC7O,EMPRESA DISTRIB DE ELECTRICIDAD DE MENDOZA S.A.,30699542454,,ARS,1,0.0,0.0,0.0,0.0,,,0.553,2026-12-18,41.19,True
PB1MC,PROMEDON S.A.,30619780635,,EXT,1,0.0,0.0,0.0,0.0,,,2.5681,2028-12-23,41.19,True
PB1MD,PROMEDON S.A.,30619780635,,USD,1,0.0,0.0,0.0,0.0,,,2.5681,2028-12-23,41.19,True
PB1MD,PROMEDON S.A.,30619780635,,USD,2,0.0,0.0,0.0,0.0,,,2.5681,2028-12-23,41.19,True
PECKD,PETROLERA ACONCAGUA ENERGIA S.A.,30714814229,,USD,1,0.0,0.0,0.0,0.0,,,4.2382,2030-08-25,41.19,True
PECKO,PETROLERA ACONCAGUA ENERGIA S.A.,30714814229,,ARS,1,0.0,0.0,0.0,0.0,,,4.2382,2030-08-25,41.19,True
PECMD,PETROLERA ACONCAGUA ENERGIA S.A.,30714814229,,USD,1,0.0,0.0,0.0,0.0,,,6.2396,2032-08-25,41.19,True
PECMD,PETROLERA ACONCAGUA ENERGIA S.A.,30714814229,,USD,2,0.0,0.0,90.0,0.0,,,6.2396,2032-08-25,41.19,True
PECND,PETROLERA ACONCAGUA ENERGIA S.A.,30714814229,,USD,1,0.0,0.0,105.0,0.0,,,6.2396,2032-08-25,41.19,True
PECNO,PETROLERA ACONCAGUA ENERGIA S.A.,30714814229,,ARS,1,0.0,0.0,135000.0,0.0,,,6.2396,2032-08-25,41.19,True
PFC2D,PATAGONIA FRUITS TRADE S.A,30690967541,,USD,1,0.0,0.0,0.0,0.0,,,1.1225,2027-07-14,41.19,True
PFC3D,PATAGONIA FRUITS TRADE S.A,30690967541,,USD,1,0.0,0.0,0.0,0.0,,,3.4442,2029-11-08,41.19,True
PHC3D,[PHC],,Sin mapear,USD,1,0.0,0.0,0.0,0.0,,,0.6324,2027-01-16,41.19,False
PHC3D,[PHC],,Sin mapear,USD,2,0.0,0.0,0.0,0.0,,,0.6324,2027-01-16,41.19,False
PLC1X,Pluspetrol S.A.,30678224010,Energía - Petróleo y Gas,ARS,1,0.0,0.0,0.0,0.0,,,1.6619,2028-01-27,41.19,True
PLC4C,Pluspetrol S.A.,30678224010,Energía - Petróleo y Gas,EXT,1,0.0,0.0,0.0,0.0,,,6.0014,2032-05-30,41.19,True
PLC4X,Pluspetrol S.A.,30678224010,Energía - Petróleo y Gas,ARS,1,0.0,0.0,0.0,0.0,,,6.0014,2032-05-30,41.19,True
PLC6X,Pluspetrol S.A.,30678224010,Energía - Petróleo y Gas,ARS,1,0.0,0.0,0.0,0.0,,,2.7488,2029-02-27,41.19,True
PM31P,PRODEMAN S.A.,33669088499,,ARS,1,0.0,0.0,0.0,0.0,,,0.271,2026-09-06,41.19,True
PN35C,Pan American Energy LLC (PAE Sucursal),30714813583,Energía - Petróleo y Gas,EXT,1,0.0,0.0,0.0,0.0,,,3.3292,2029-09-27,41.19,True
PN35C,Pan American Energy LLC (PAE Sucursal),30714813583,Energía - Petróleo y Gas,EXT,2,0.0,0.0,0.0,0.0,,,3.3292,2029-09-27,41.19,True
PN35X,Pan American Energy LLC (PAE Sucursal),30714813583,Energía - Petróleo y Gas,ARS,1,0.0,0.0,0.0,0.0,,,3.3292,2029-09-27,41.19,True
PN35X,Pan American Energy LLC (PAE Sucursal),30714813583,Energía - Petróleo y Gas,ARS,2,0.0,0.0,0.0,0.0,,,3.3292,2029-09-27,41.19,True
PN35Z,Pan American Energy LLC (PAE Sucursal),30714813583,Energía - Petróleo y Gas,EXT,1,0.0,0.0,0.0,0.0,,,3.3292,2029-09-27,41.19,True
PN37C,Pan American Energy LLC (PAE Sucursal),30714813583,Energía - Petróleo y Gas,EXT,2,0.0,0.0,0.0,0.0,,,2.4586,2028-11-13,41.19,True
PN37X,Pan American Energy LLC (PAE Sucursal),30714813583,Energía - Petróleo y Gas,ARS,1,0.0,0.0,0.0,0.0,,,2.4586,2028-11-13,41.19,True
PN37X,Pan American Energy LLC (PAE Sucursal),30714813583,Energía - Petróleo y Gas,ARS,2,0.0,0.0,0.0,0.0,,,2.4586,2028-11-13,41.19,True
PN38C,Pan American Energy LLC (PAE Sucursal),30714813583,Energía - Petróleo y Gas,EXT,1,0.0,0.0,0.0,0.0,,,1.1992,2027-08-11,41.19,True
PN38D,Pan American Energy LLC (PAE Sucursal),30714813583,Energía - Petróleo y Gas,USD,1,0.0,103.5,0.0,0.0,,,1.1992,2027-08-11,41.19,True
PN40Y,Pan American Energy LLC (PAE Sucursal),30714813583,Energía - Petróleo y Gas,USD,1,0.0,0.0,0.0,0.0,,,0.3669,2026-10-11,41.19,True
PN41C,Pan American Energy LLC (PAE Sucursal),30714813583,Energía - Petróleo y Gas,EXT,1,0.0,0.0,0.0,0.0,,,3.2444,2029-08-27,41.19,True
PN41Y,Pan American Energy LLC (PAE Sucursal),30714813583,Energía - Petróleo y Gas,USD,1,0.0,0.0,0.0,0.0,,,3.2444,2029-08-27,41.19,True
PN41Y,Pan American Energy LLC (PAE Sucursal),30714813583,Energía - Petróleo y Gas,USD,2,0.0,0.0,0.0,0.0,,,3.2444,2029-08-27,41.19,True
PN42C,Pan American Energy LLC (PAE Sucursal),30714813583,Energía - Petróleo y Gas,EXT,2,0.0,0.0,0.0,0.0,,,0.8816,2027-04-17,41.19,True
PN43C,Pan American Energy LLC (PAE Sucursal),30714813583,Energía - Petróleo y Gas,EXT,1,0.0,0.0,0.0,0.0,,,10.6311,2037-01-15,41.19,True
PN43C,Pan American Energy LLC (PAE Sucursal),30714813583,Energía - Petróleo y Gas,EXT,2,0.0,0.0,0.0,0.0,,,10.6311,2037-01-15,41.19,True
PN43X,Pan American Energy LLC (PAE Sucursal),30714813583,Energía - Petróleo y Gas,ARS,1,0.0,0.0,0.0,0.0,,,10.6311,2037-01-15,41.19,True
PNDCY,Pan American Energy LLC (PAE Sucursal),30714813583,Energía - Petróleo y Gas,USD,2,0.0,0.0,0.0,0.0,,,0.9172,2027-04-30,41.19,True
PNECC,Pan American Energy LLC (PAE Sucursal),30714813583,Energía - Petróleo y Gas,EXT,2,0.0,0.0,0.0,0.0,,,5.117,2031-07-12,41.19,True
PNECX,Pan American Energy LLC (PAE Sucursal),30714813583,Energía - Petróleo y Gas,ARS,1,0.0,0.0,0.0,0.0,,,5.117,2031-07-12,41.19,True
PNECX,Pan American Energy LLC (PAE Sucursal),30714813583,Energía - Petróleo y Gas,ARS,2,0.0,0.0,0.0,0.0,,,5.117,2031-07-12,41.19,True
PNFCD,Pan American Energy LLC (PAE Sucursal),30714813583,Energía - Petróleo y Gas,USD,1,0.0,0.0,0.0,0.0,,,0.1177,2026-07-12,41.19,True
PNICX,Pan American Energy LLC (PAE Sucursal),30714813583,Energía - Petróleo y Gas,ARS,1,0.0,0.0,0.0,0.0,,,5.692,2032-02-07,41.19,True
PNICX,Pan American Energy LLC (PAE Sucursal),30714813583,Energía - Petróleo y Gas,ARS,2,0.0,0.0,0.0,0.0,,,5.692,2032-02-07,41.19,True
PNJCY,Pan American Energy LLC (PAE Sucursal),30714813583,Energía - Petróleo y Gas,USD,1,0.0,0.0,0.0,0.0,,,0.6927,2027-02-07,41.19,True
PNJCZ,Pan American Energy LLC (PAE Sucursal),30714813583,Energía - Petróleo y Gas,EXT,1,0.0,0.0,0.0,0.0,,,0.6927,2027-02-07,41.19,True
PNRCX,Pan American Energy LLC (PAE Sucursal),30714813583,Energía - Petróleo y Gas,ARS,1,0.0,0.0,0.0,0.0,,,2.1903,2028-08-07,41.19,True
PNRCX,Pan American Energy LLC (PAE Sucursal),30714813583,Energía - Petróleo y Gas,ARS,2,0.0,0.0,0.0,0.0,,,2.1903,2028-08-07,41.19,True
PNRCZ,Pan American Energy LLC (PAE Sucursal),30714813583,Energía - Petróleo y Gas,EXT,2,0.0,0.0,0.0,0.0,,,2.1903,2028-08-07,41.19,True
PNXCC,Pan American Energy LLC (PAE Sucursal),30714813583,Energía - Petróleo y Gas,EXT,1,0.0,0.0,0.0,0.0,,,5.9192,2032-04-30,41.19,True
PNXCC,Pan American Energy LLC (PAE Sucursal),30714813583,Energía - Petróleo y Gas,EXT,2,0.0,0.0,0.0,0.0,,,5.9192,2032-04-30,41.19,True
PNXCX,Pan American Energy LLC (PAE Sucursal),30714813583,Energía - Petróleo y Gas,ARS,1,0.0,0.0,0.0,0.0,,,5.9192,2032-04-30,41.19,True
PNXCX,Pan American Energy LLC (PAE Sucursal),30714813583,Energía - Petróleo y Gas,ARS,2,0.0,0.0,0.0,0.0,,,5.9192,2032-04-30,41.19,True
PNZCX,PAN AMERICAN ENERGY LLC (PAE SUCURSAL),30714813583,,ARS,1,0.0,0.0,0.0,0.0,,,1.0951,2027-07-04,41.19,True
PNZCX,PAN AMERICAN ENERGY LLC (PAE SUCURSAL),30714813583,,ARS,2,0.0,0.0,0.0,0.0,,,1.0951,2027-07-04,41.19,True
PNZCY,PAN AMERICAN ENERGY LLC (PAE SUCURSAL),30714813583,,USD,2,0.0,0.0,0.0,0.0,,,1.0951,2027-07-04,41.19,True
PQCQO,PETROQUIMICA COMODORO RIVADAVIA S.A,30563598111,,ARS,1,0.0,0.0,0.0,0.0,,,1.128,2027-07-16,41.19,True
PQCQO,PETROQUIMICA COMODORO RIVADAVIA S.A,30563598111,,ARS,2,0.0,100000.0,0.0,0.0,,,1.128,2027-07-16,41.19,True
PQCRO,Petroquímica Comodoro Rivadavia S.A.,30563598111,Industria - Petroquímica,ARS,1,0.0,0.0,0.0,0.0,,,2.3984,2028-10-22,41.19,True
PQCSC,Petroquímica Comodoro Rivadavia S.A.,30563598111,Industria - Petroquímica,EXT,1,0.0,0.0,0.0,0.0,,,4.7201,2031-02-17,41.19,True
PQCSC,Petroquímica Comodoro Rivadavia S.A.,30563598111,Industria - Petroquímica,EXT,2,0.0,0.0,0.0,0.0,,,4.7201,2031-02-17,41.19,True
PQCTC,Petroquímica Comodoro Rivadavia S.A.,30563598111,Industria - Petroquímica,EXT,2,0.0,0.0,0.0,0.0,,,2.1437,2028-07-21,41.19,True
PQCTY,Petroquímica Comodoro Rivadavia S.A.,30563598111,Industria - Petroquímica,USD,2,0.0,0.0,0.0,0.0,,,2.1437,2028-07-21,41.19,True
PS34X,PSA Finance Argentina Cía. Financiera S.A.,30707847367,Financiero - Crédito Automotriz,ARS,2,0.0,0.0,0.0,0.0,,,1.5551,2027-12-19,41.19,True
PS37X,PSA Finance Argentina Cía. Financiera S.A.,30707847367,Financiero - Crédito Automotriz,ARS,2,0.0,0.0,0.0,0.0,,,0.9884,2027-05-26,41.19,True
PUC2D,[PUC],,Sin mapear,USD,1,0.0,0.0,0.0,0.0,,,1.2457,2027-08-28,41.19,False
RAC5Y,[RAC],,Sin mapear,USD,1,0.0,0.0,0.0,0.0,,,3.9014,2030-04-24,41.19,False
RAC5Z,[RAC],,Sin mapear,EXT,1,0.0,0.0,0.0,0.0,,,3.9014,2030-04-24,41.19,False
RAC5Z,[RAC],,Sin mapear,EXT,2,0.0,0.0,0.0,0.0,,,3.9014,2030-04-24,41.19,False
RB59X,Rombo Cía. Financiera S.A.,33707124909,Financiero - Crédito Automotriz,ARS,2,0.0,0.0,0.0,0.0,,,0.1697,2026-07-31,41.19,True
RB60O,Rombo Cía. Financiera S.A.,33707124909,Financiero - Crédito Automotriz,ARS,2,0.0,0.0,0.0,0.0,,,0.6735,2027-01-31,41.19,True
RB64X,Rombo Cía. Financiera S.A.,33707124909,Financiero - Crédito Automotriz,ARS,1,0.0,0.0,0.0,0.0,,,0.5503,2026-12-17,41.19,True
RB64X,Rombo Cía. Financiera S.A.,33707124909,Financiero - Crédito Automotriz,ARS,2,0.0,0.0,0.0,0.0,,,0.5503,2026-12-17,41.19,True
RB66X,Rombo Cía. Financiera S.A.,33707124909,Financiero - Crédito Automotriz,ARS,2,0.0,0.0,0.0,0.0,,,1.5496,2027-12-17,41.19,True
RC1CD,ARCOR S.A.I.C.,30502793175,,USD,1,0.0,0.0,0.0,0.0,,,7.1704,2033-07-31,41.19,True
RC1CY,ARCOR S.A.I.C.,30502793175,,USD,2,0.0,0.0,0.0,0.0,,,7.1704,2033-07-31,41.19,True
RC2CC,ARCOR S.A.I.C.,30502793175,,EXT,1,0.0,0.0,0.0,0.0,,,0.3532,2026-10-06,41.19,True
RC2CC,ARCOR S.A.I.C.,30502793175,,EXT,2,0.0,0.0,0.0,0.0,,,0.3532,2026-10-06,41.19,True
RC2CX,ARCOR S.A.I.C.,30502793175,,ARS,1,0.0,0.0,0.0,0.0,,,0.3532,2026-10-06,41.19,True
RC3CD,Arcor S.A.I.C.,30502793175,Consumo - Alimentos,USD,2,0.0,0.0,0.0,0.0,,,0.5448,2026-12-15,41.19,True
RC3CX,Arcor S.A.I.C.,30502793175,Consumo - Alimentos,ARS,2,0.0,0.0,0.0,0.0,,,0.5448,2026-12-15,41.19,True
RC4CX,ARCOR S.A.I.C.,30502793175,,ARS,2,0.0,0.0,0.0,0.0,,,0.742,2027-02-25,41.19,True
RC5CD,ARCOR S.A.I.C.,30502793175,,USD,1,0.0,97.3,0.0,0.0,,,2.976,2029-05-21,41.19,True
RC5CO,ARCOR S.A.I.C.,30502793175,,ARS,1,0.0,0.0,0.0,0.0,,,2.976,2029-05-21,41.19,True
RC5CO,ARCOR S.A.I.C.,30502793175,,ARS,2,0.0,0.0,0.0,0.0,,,2.976,2029-05-21,41.19,True
RCCRY,Arcor S.A.I.C.,30502793175,Consumo - Alimentos,USD,2,0.0,0.0,0.0,0.0,,,0.9418,2027-05-09,41.19,True
ROC1D,[ROC],,Sin mapear,USD,2,0.0,0.0,0.0,0.0,,,1.3279,2027-09-27,41.19,False
RVS1D,[RVS],,Sin mapear,USD,1,0.0,0.0,0.0,0.0,,,0.7474,2027-02-27,41.19,False
RZ9AD,Rizobacter Argentina S.A.,30593174057,Agro - Biotech,USD,2,0.0,0.0,0.0,0.0,,,0.0794,2026-06-28,41.19,True
RZ9AO,Rizobacter Argentina S.A.,30593174057,Agro - Biotech,ARS,1,0.0,0.0,0.0,0.0,,,0.0794,2026-06-28,41.19,True
RZ9AX,Rizobacter Argentina S.A.,30593174057,Agro - Biotech,ARS,2,0.0,0.0,0.0,0.0,,,0.0794,2026-06-28,41.19,True
RZ9BD,Rizobacter Argentina S.A.,30593174057,Agro - Biotech,USD,1,0.0,0.0,0.0,0.0,,,0.0794,2026-06-28,41.19,True
RZ9BO,Rizobacter Argentina S.A.,30593174057,Agro - Biotech,ARS,1,0.0,75000.0,0.0,0.0,,,0.0794,2026-06-28,41.19,True
RZABY,Rizobacter Argentina S.A.,30593174057,Agro - Biotech,USD,1,0.0,0.0,0.0,0.0,,,1.4976,2027-11-28,41.19,True
SBC1C,SAN BAUTISTA DEL SUR SA,30715659340,,EXT,2,0.0,0.0,0.0,0.0,,,1.2676,2027-09-05,41.19,True
SBC1Z,SAN BAUTISTA DEL SUR SA,30715659340,,EXT,1,0.0,0.0,0.0,0.0,,,1.2676,2027-09-05,41.19,True
SBC2D,SAN BAUTISTA DEL SUR SA,30715659340,,USD,1,0.0,0.0,0.0,0.0,,,2.6338,2029-01-16,41.19,True
SBC3D,SAN BAUTISTA DEL SUR SA,30715659340,,USD,1,0.0,99.6,0.0,0.0,,,2.9897,2029-05-26,41.19,True
SIC1D,[SIC],,Sin mapear,USD,1,0.0,0.0,104.95,0.0,,,0.5284,2026-12-09,41.19,False
SIC1D,[SIC],,Sin mapear,USD,2,0.0,103.0,0.0,0.0,,,0.5284,2026-12-09,41.19,False
SNAAO,S.A. SAN MIGUEL,30511190238,,ARS,2,0.0,0.0,115000.0,0.0,,,0.1643,2026-07-29,41.19,True
SNABO,S.A. San Miguel,30511190238,Agro - Frutícola,ARS,1,0.0,0.0,121500.0,0.0,,,0.1643,2026-07-29,41.19,True
SNEAZ,SION S.A.,30690076043,,EXT,1,0.0,0.0,0.0,0.0,,,3.1239,2029-07-14,41.19,True
SNEBC,SION S.A.,30690076043,,EXT,1,0.0,58.0,0.0,0.0,,,3.1239,2029-07-14,41.19,True
SNEBC,SION S.A.,30690076043,,EXT,2,0.0,60.0,0.0,0.0,,,3.1239,2029-07-14,41.19,True
SNSEP,SION S.A.,30690076043,,ARS,2,0.0,0.0,0.0,0.0,,,0.6379,2027-01-18,41.19,True
SOC3O,SPECIAL GRAINS S.A/PETROAGRO S.A.,30600615889,,ARS,2,0.0,0.0,0.0,0.0,,,0.3669,2026-10-11,41.19,True
SPC1D,[SPC],,Sin mapear,USD,1,0.0,0.0,0.0,0.0,,,0.0767,2026-06-27,41.19,False
SPC1O,[SPC],,Sin mapear,ARS,1,0.0,0.0,0.0,0.0,,,0.0767,2026-06-27,41.19,False
SPC1O,[SPC],,Sin mapear,ARS,2,0.0,14500.0,0.0,0.0,,,0.0767,2026-06-27,41.19,False
SPC1Y,[SPC],,Sin mapear,USD,1,0.0,0.0,0.0,0.0,,,0.0767,2026-06-27,41.19,False
STCFO,[STC],,Sin mapear,ARS,1,0.0,0.0,0.0,0.0,,,0.7228,2027-02-18,41.19,False
STCFO,[STC],,Sin mapear,ARS,2,0.0,0.0,0.0,0.0,,,0.7228,2027-02-18,41.19,False
SXC1O,MERCADO PAGO SERVICIOS DE PROCESAMIENTO S.R.L.,30716999498,,ARS,1,0.0,0.0,111.0,0.0,,,0.1342,2026-07-18,41.19,True
SXC3O,MERCADO PAGO SERVICIOS DE PROCESAMIENTO S.R.L.,30716999498,,ARS,1,0.0,0.0,0.0,0.0,,,0.7365,2027-02-23,41.19,True
SXC3X,MERCADO PAGO SERVICIOS DE PROCESAMIENTO S.R.L.,30716999498,,ARS,1,0.0,0.0,0.0,0.0,,,0.7365,2027-02-23,41.19,True
SXC3X,MERCADO PAGO SERVICIOS DE PROCESAMIENTO S.R.L.,30716999498,,ARS,2,0.0,0.0,0.0,0.0,,,0.7365,2027-02-23,41.19,True
SXC5X,MERCADO PAGO SERVICIOS DE PROCESAMIENTO S.R.L.,30716999498,,ARS,1,0.0,0.0,0.0,0.0,,,0.4709,2026-11-18,41.19,True
T641O,Tarjeta Naranja S.A.,30685376349,Financiero - Crédito Consumo,ARS,1,0.0,0.0,0.0,0.0,,,0.9172,2027-04-30,41.19,True
T641O,Tarjeta Naranja S.A.,30685376349,Financiero - Crédito Consumo,ARS,2,0.0,0.0,0.0,0.0,,,0.9172,2027-04-30,41.19,True
T661D,Tarjeta Naranja S.A.,30685376349,Financiero - Crédito Consumo,USD,2,0.0,0.0,0.0,0.0,,,0.5038,2026-11-30,41.19,True
T662C,Tarjeta Naranja S.A.,30685376349,Financiero - Crédito Consumo,EXT,2,0.0,0.0,0.0,0.0,,,0.2546,2026-08-31,41.19,True
T662Y,Tarjeta Naranja S.A.,30685376349,Financiero - Crédito Consumo,USD,2,0.0,0.0,0.0,0.0,,,0.2546,2026-08-31,41.19,True
T671X,Tarjeta Naranja S.A.U.,30685376349,Financiero - Consumo,ARS,1,0.0,0.0,0.0,0.0,,,0.9774,2027-05-22,41.19,True
T672O,Tarjeta Naranja S.A.U.,30685376349,Financiero - Consumo,ARS,1,0.0,0.0,0.0,0.0,,,0.7337,2027-02-22,41.19,True
T673O,Tarjeta Naranja S.A.U.,30685376349,Financiero - Consumo,ARS,1,0.0,0.0,0.0,0.0,,,1.4812,2027-11-22,41.19,True
TE53P,[TE5],,Sin mapear,ARS,1,0.0,0.0,0.0,0.0,,,0.2765,2026-09-08,41.19,False
TLCDX,Telecom Argentina S.A.,30639453738,Telecomunicaciones,ARS,1,0.0,0.0,0.0,0.0,,,0.7748,2027-03-09,41.19,True
TLCDX,Telecom Argentina S.A.,30639453738,Telecomunicaciones,ARS,2,0.0,0.0,0.0,0.0,,,0.7748,2027-03-09,41.19,True
TLCGO,Telecom Argentina S.A.,30639453738,Telecomunicaciones,ARS,1,0.0,0.0,0.0,0.0,,,0.0082,2026-06-02,41.19,True
TLCGO,Telecom Argentina S.A.,30639453738,Telecomunicaciones,ARS,2,0.0,0.0,0.0,0.0,,,0.0082,2026-06-02,41.19,True
TLCMY,Telecom Argentina S.A.,30639453738,Telecomunicaciones,USD,1,0.0,0.0,0.0,0.0,,,5.1335,2031-07-18,41.19,True
TLCMY,Telecom Argentina S.A.,30639453738,Telecomunicaciones,USD,2,0.0,0.0,0.0,0.0,,,5.1335,2031-07-18,41.19,True
TLCPZ,Telecom Argentina S.A.,30639453738,Telecomunicaciones,EXT,1,0.0,0.0,0.0,0.0,,,6.9952,2033-05-28,41.19,True
TLCQC,Telecom Argentina S.A.,30639453738,Telecomunicaciones,EXT,1,0.0,0.0,0.0,0.0,,,1.0897,2027-07-02,41.19,True
TLCQC,Telecom Argentina S.A.,30639453738,Telecomunicaciones,EXT,2,0.0,0.0,0.0,0.0,,,1.0897,2027-07-02,41.19,True
TLCTC,Telecom Argentina S.A.,30639453738,Telecomunicaciones,EXT,1,0.0,0.0,0.0,0.0,,,9.6427,2036-01-20,41.19,True
TLCTY,Telecom Argentina S.A.,30639453738,Telecomunicaciones,USD,2,0.0,0.0,0.0,0.0,,,9.6427,2036-01-20,41.19,True
TLCVC,Telecom Argentina S.A.,30639453738,Telecomunicaciones,EXT,1,0.0,0.0,1.0,0.0,,,0.9966,2027-05-29,41.19,True
TLCVD,Telecom Argentina S.A.,30639453738,Telecomunicaciones,USD,1,0.0,0.0,1.0,0.0,,,0.9966,2027-05-29,41.19,True
TLCVO,Telecom Argentina S.A.,30639453738,Telecomunicaciones,ARS,1,0.0,0.0,1.0,0.0,,,0.9966,2027-05-29,41.19,True
TLCWC,Telecom Argentina S.A.,30639453738,Telecomunicaciones,EXT,1,0.0,0.0,1.0,0.0,,,3.9973,2030-05-29,41.19,True
TLCWD,Telecom Argentina S.A.,30639453738,Telecomunicaciones,USD,1,0.0,0.0,1.0,0.0,,,3.9973,2030-05-29,41.19,True
TLCWD,Telecom Argentina S.A.,30639453738,Telecomunicaciones,USD,2,0.0,0.0,100.25,0.0,,,3.9973,2030-05-29,41.19,True
TSC3C,[TSC],,Sin mapear,EXT,1,0.0,0.0,0.0,0.0,,,5.1499,2031-07-24,41.19,False
TSC3Y,[TSC],,Sin mapear,USD,1,0.0,0.0,0.0,0.0,,,5.1499,2031-07-24,41.19,False
TSC3Y,[TSC],,Sin mapear,USD,2,0.0,0.0,0.0,0.0,,,5.1499,2031-07-24,41.19,False
TSC3Z,[TSC],,Sin mapear,EXT,1,0.0,0.0,0.0,0.0,,,5.1499,2031-07-24,41.19,False
TSC3Z,[TSC],,Sin mapear,EXT,2,0.0,0.0,0.0,0.0,,,5.1499,2031-07-24,41.19,False
TSC4C,[TSC],,Sin mapear,EXT,1,0.0,0.0,0.0,0.0,,,9.4757,2035-11-20,41.19,False
TTC8O,Tecpetrol S.A.,30592665472,Energía - Petróleo y Gas,ARS,1,0.0,0.0,0.0,0.0,,,1.4018,2027-10-24,41.19,True
TTC9O,Tecpetrol S.A.,30592665472,Energía - Petróleo y Gas,ARS,1,0.0,1.0,0.0,0.0,,,3.4031,2029-10-24,41.19,True
TTCBO,Tecpetrol S.A.,30592665472,Energía - Petróleo y Gas,ARS,1,0.0,0.0,0.0,0.0,,,1.3799,2027-10-16,41.19,True
TTCEC,Tecpetrol S.A.,30592665472,Energía - Petróleo y Gas,EXT,2,0.0,0.0,0.0,0.0,,,2.976,2029-05-21,41.19,True
TYCZX,TOYOTA COMPANIA FINANCIERA DE ARGENTINA,30709000426,,ARS,1,0.0,0.0,0.0,0.0,,,0.0192,2026-06-06,41.19,True
TYCZX,TOYOTA COMPANIA FINANCIERA DE ARGENTINA,30709000426,,ARS,2,0.0,0.0,0.0,0.0,,,0.0192,2026-06-06,41.19,True
VA1AC,[VA1],,Sin mapear,EXT,1,0.0,0.0,0.0,0.0,,,0.3039,2026-09-18,41.19,False
VA1AD,[VA1],,Sin mapear,USD,1,0.0,0.0,0.0,0.0,,,0.3039,2026-09-18,41.19,False
VA1AP,[VA1],,Sin mapear,ARS,1,0.0,0.0,0.0,0.0,,,0.3039,2026-09-18,41.19,False
VA1AP,[VA1],,Sin mapear,ARS,2,0.0,0.0,0.0,0.0,,,0.3039,2026-09-18,41.19,False
VAC3P,[VAC],,Sin mapear,ARS,1,0.0,0.0,0.0,0.0,,,1.41,2027-10-27,41.19,False
VAC3P,[VAC],,Sin mapear,ARS,2,0.0,135000.0,0.0,0.0,,,1.41,2027-10-27,41.19,False
VBC1C,[VBC],,Sin mapear,EXT,1,0.0,0.0,0.0,0.0,,,0.7803,2027-03-11,41.19,False
VBC1C,[VBC],,Sin mapear,EXT,2,0.0,0.0,0.0,0.0,,,0.7803,2027-03-11,41.19,False
VE2LD,RICARDO VENTURINO S.A,30698318895,,USD,2,0.0,0.0,0.0,0.0,,,2.4148,2028-10-28,41.19,True
VSCHC,Vista Oil & Gas Argentina S.A.U.,33515950899,Energía - Petróleo y Gas,EXT,1,0.0,0.0,0.0,0.0,,,0.0192,2026-06-06,41.19,True
VSCHD,Vista Oil & Gas Argentina S.A.U.,33515950899,Energía - Petróleo y Gas,USD,1,0.0,0.0,0.0,0.0,,,0.0192,2026-06-06,41.19,True
VSCHD,Vista Oil & Gas Argentina S.A.U.,33515950899,Energía - Petróleo y Gas,USD,2,0.0,0.0,0.0,0.0,,,0.0192,2026-06-06,41.19,True
VSCHX,Vista Oil & Gas Argentina S.A.U.,33515950899,Energía - Petróleo y Gas,ARS,1,0.0,0.0,0.0,0.0,,,0.0192,2026-06-06,41.19,True
VSCHX,Vista Oil & Gas Argentina S.A.U.,33515950899,Energía - Petróleo y Gas,ARS,2,0.0,0.0,0.0,0.0,,,0.0192,2026-06-06,41.19,True
VSCID,Vista Oil & Gas Argentina S.A.U.,33515950899,Energía - Petróleo y Gas,USD,1,0.0,0.0,0.0,0.0,,,0.5202,2026-12-06,41.19,True
VSCIX,Vista Oil & Gas Argentina S.A.U.,33515950899,Energía - Petróleo y Gas,ARS,1,0.0,0.0,0.0,0.0,,,0.5202,2026-12-06,41.19,True
VSCIX,Vista Oil & Gas Argentina S.A.U.,33515950899,Energía - Petróleo y Gas,ARS,2,0.0,0.0,0.0,0.0,,,0.5202,2026-12-06,41.19,True
VSCJD,Vista Oil & Gas Argentina S.A.U.,33515950899,Energía - Petróleo y Gas,USD,1,0.0,0.0,0.0,0.0,,,0.7584,2027-03-03,41.19,True
VSCJD,Vista Oil & Gas Argentina S.A.U.,33515950899,Energía - Petróleo y Gas,USD,2,0.0,93.05,0.0,0.0,,,0.7584,2027-03-03,41.19,True
VSCJX,Vista Oil & Gas Argentina S.A.U.,33515950899,Energía - Petróleo y Gas,ARS,1,0.0,0.0,0.0,0.0,,,0.7584,2027-03-03,41.19,True
VSCJX,Vista Oil & Gas Argentina S.A.U.,33515950899,Energía - Petróleo y Gas,ARS,2,0.0,0.0,0.0,0.0,,,0.7584,2027-03-03,41.19,True
VSCKD,Vista Oil & Gas Argentina S.A.U.,33515950899,Energía - Petróleo y Gas,USD,1,0.0,0.0,0.0,0.0,,,1.7604,2028-03-03,41.19,True
VSCKD,Vista Oil & Gas Argentina S.A.U.,33515950899,Energía - Petróleo y Gas,USD,2,0.0,0.0,0.0,0.0,,,1.7604,2028-03-03,41.19,True
VSCKX,Vista Oil & Gas Argentina S.A.U.,33515950899,Energía - Petróleo y Gas,ARS,1,0.0,0.0,0.0,0.0,,,1.7604,2028-03-03,41.19,True
VSCKX,Vista Oil & Gas Argentina S.A.U.,33515950899,Energía - Petróleo y Gas,ARS,2,0.0,0.0,0.0,0.0,,,1.7604,2028-03-03,41.19,True
VSCMO,Vista Oil & Gas Argentina S.A.U.,33515950899,Energía - Petróleo y Gas,ARS,1,0.0,0.0,0.0,0.0,,,2.2012,2028-08-11,41.19,True
VSCMX,Vista Oil & Gas Argentina S.A.U.,33515950899,Energía - Petróleo y Gas,ARS,1,0.0,0.0,0.0,0.0,,,2.2012,2028-08-11,41.19,True
VSCMX,Vista Oil & Gas Argentina S.A.U.,33515950899,Energía - Petróleo y Gas,ARS,2,0.0,0.0,0.0,0.0,,,2.2012,2028-08-11,41.19,True
VSCNC,Vista Oil & Gas Argentina S.A.U.,33515950899,Energía - Petróleo y Gas,EXT,1,0.0,0.0,0.0,0.0,,,0.0164,2026-06-05,41.19,True
VSCNC,Vista Oil & Gas Argentina S.A.U.,33515950899,Energía - Petróleo y Gas,EXT,2,0.0,0.0,0.0,0.0,,,0.0164,2026-06-05,41.19,True
VSCOC,Vista Oil & Gas Argentina S.A.U.,33515950899,Energía - Petróleo y Gas,EXT,1,0.0,0.0,0.0,0.0,,,0.7666,2027-03-06,41.19,True
VSCOC,Vista Oil & Gas Argentina S.A.U.,33515950899,Energía - Petróleo y Gas,EXT,2,0.0,100.0,0.0,0.0,,,0.7666,2027-03-06,41.19,True
VSCOX,Vista Oil & Gas Argentina S.A.U.,33515950899,Energía - Petróleo y Gas,ARS,1,0.0,0.0,0.0,0.0,,,0.7666,2027-03-06,41.19,True
VSCOX,Vista Oil & Gas Argentina S.A.U.,33515950899,Energía - Petróleo y Gas,ARS,2,0.0,0.0,0.0,0.0,,,0.7666,2027-03-06,41.19,True
VSCPX,Vista Oil & Gas Argentina S.A.U.,33515950899,Energía - Petróleo y Gas,ARS,1,0.0,0.0,0.0,0.0,,,2.9268,2029-05-03,41.19,True
VSCPX,Vista Oil & Gas Argentina S.A.U.,33515950899,Energía - Petróleo y Gas,ARS,2,0.0,0.0,0.0,0.0,,,2.9268,2029-05-03,41.19,True
VSCQC,Vista Oil & Gas Argentina S.A.U.,33515950899,Energía - Petróleo y Gas,EXT,1,0.0,0.0,0.0,0.0,,,2.1081,2028-07-08,41.19,True
VSCQX,Vista Oil & Gas Argentina S.A.U.,33515950899,Energía - Petróleo y Gas,ARS,1,0.0,0.0,0.0,0.0,,,2.1081,2028-07-08,41.19,True
VSCQX,Vista Oil & Gas Argentina S.A.U.,33515950899,Energía - Petróleo y Gas,ARS,2,0.0,0.0,0.0,0.0,,,2.1081,2028-07-08,41.19,True
VSCRX,Vista Oil & Gas Argentina S.A.U.,33515950899,Energía - Petróleo y Gas,ARS,1,0.0,0.0,0.0,0.0,,,5.3634,2031-10-10,41.19,True
VSCTD,Vista Oil & Gas Argentina S.A.U.,33515950899,Energía - Petróleo y Gas,USD,1,0.0,0.0,0.0,0.0,,,9.5305,2035-12-10,41.19,True
VSCTX,Vista Oil & Gas Argentina S.A.U.,33515950899,Energía - Petróleo y Gas,ARS,1,0.0,0.0,0.0,0.0,,,9.5305,2035-12-10,41.19,True
VSCTX,Vista Oil & Gas Argentina S.A.U.,33515950899,Energía - Petróleo y Gas,ARS,2,0.0,0.0,0.0,0.0,,,9.5305,2035-12-10,41.19,True
VSCUX,Vista Oil & Gas Argentina S.A.U.,33515950899,Energía - Petróleo y Gas,ARS,1,0.0,0.0,0.0,0.0,,,3.77,2030-03-07,41.19,True
VSCUX,Vista Oil & Gas Argentina S.A.U.,33515950899,Energía - Petróleo y Gas,ARS,2,0.0,0.0,0.0,0.0,,,3.77,2030-03-07,41.19,True
VWCDO,VOLKSWAGEN FINANCIAL SERVICES COMPAÑIA FINANCIERA SA,30682419578,,ARS,2,0.0,0.0,0.0,0.0,,,0.5339,2026-12-11,41.19,True
VWCFX,Volkswagen Financial Services Cía. Financiera S.A.,30682419578,Financiero - Crédito Automotriz,ARS,2,0.0,0.0,0.0,0.0,,,1.5332,2027-12-11,41.19,True
WBS1O,BANCO MARIVA S.A.,30516420444,,ARS,2,0.0,0.0,0.0,0.0,,,0.334,2026-09-29,41.19,True
XMC1C,Minera Exar S.A.,30709667587,Minería - Litio,EXT,2,0.0,0.0,0.0,0.0,,,1.4511,2027-11-11,41.19,True
XMC1D,Minera Exar S.A.,30709667587,Minería - Litio,USD,1,0.0,101.1,0.0,0.0,,,1.4511,2027-11-11,41.19,True
XMC1O,Minera Exar S.A.,30709667587,Minería - Litio,ARS,1,0.0,0.0,0.0,0.0,,,1.4511,2027-11-11,41.19,True
YCAMC,[YCA],,Sin mapear,EXT,1,0.0,0.0,0.0,0.0,,,1.1417,2027-07-21,41.19,False
YCAMC,[YCA],,Sin mapear,EXT,2,0.0,0.0,0.0,0.0,,,1.1417,2027-07-21,41.19,False
YCAMX,[YCA],,Sin mapear,ARS,1,0.0,0.0,0.0,0.0,,,1.1417,2027-07-21,41.19,False
YCAMX,[YCA],,Sin mapear,ARS,2,0.0,0.0,0.0,0.0,,,1.1417,2027-07-21,41.19,False
YFCAX,YPF Energía Eléctrica S.A.,30714128309,Energía - Electricidad,ARS,1,0.0,0.0,0.0,0.0,,,5.681,2032-02-03,41.19,True
YFCAX,YPF Energía Eléctrica S.A.,30714128309,Energía - Electricidad,ARS,2,0.0,0.0,0.0,0.0,,,5.681,2032-02-03,41.19,True
YFCDO,YPF ENERGIA ELECTRICA S.A.,30714128309,,ARS,2,0.0,0.0,0.0,0.0,,,0.2491,2026-08-29,41.19,True
YFCMO,YPF Energía Eléctrica S.A.,30714128309,Energía - Electricidad,ARS,1,0.0,0.0,0.0,0.0,,,0.9719,2027-05-20,41.19,True
YFCMY,YPF Energía Eléctrica S.A.,30714128309,Energía - Electricidad,USD,2,0.0,0.0,0.0,0.0,,,0.9719,2027-05-20,41.19,True
YFCNY,YPF Energía Eléctrica S.A.,30714128309,Energía - Electricidad,USD,2,0.0,0.0,0.0,0.0,,,0.345,2026-10-03,41.19,True
YFCOY,YPF Energía Eléctrica S.A.,30714128309,Energía - Electricidad,USD,2,0.0,0.0,0.0,0.0,,,2.5462,2028-12-15,41.19,True
YM34X,YPF S.A.,30546689979,Energía - Petróleo y Gas,ARS,1,0.0,0.0,0.0,0.0,,,7.6359,2034-01-17,41.19,True
YM34X,YPF S.A.,30546689979,Energía - Petróleo y Gas,ARS,2,0.0,0.0,0.0,0.0,,,7.6359,2034-01-17,41.19,True
YM35C,YPF S.A.,30546689979,Energía - Petróleo y Gas,EXT,1,0.0,0.0,0.0,0.0,,,0.7474,2027-02-27,41.19,True
YM35C,YPF S.A.,30546689979,Energía - Petróleo y Gas,EXT,2,0.0,0.0,0.0,0.0,,,0.7474,2027-02-27,41.19,True
YM35X,YPF S.A.,30546689979,Energía - Petróleo y Gas,ARS,1,0.0,0.0,0.0,0.0,,,0.7474,2027-02-27,41.19,True
YM35X,YPF S.A.,30546689979,Energía - Petróleo y Gas,ARS,2,0.0,0.0,0.0,0.0,,,0.7474,2027-02-27,41.19,True
YM35Y,YPF S.A.,30546689979,Energía - Petróleo y Gas,USD,1,0.0,0.0,0.0,0.0,,,0.7474,2027-02-27,41.19,True
YM35Y,YPF S.A.,30546689979,Energía - Petróleo y Gas,USD,2,0.0,0.0,0.0,0.0,,,0.7474,2027-02-27,41.19,True
YM37C,YPF S.A.,30546689979,Energía - Petróleo y Gas,EXT,1,0.0,0.0,0.0,0.0,,,0.9363,2027-05-07,41.19,True
YM37X,YPF S.A.,30546689979,Energía - Petróleo y Gas,ARS,1,0.0,0.0,0.0,0.0,,,0.9363,2027-05-07,41.19,True
YM37X,YPF S.A.,30546689979,Energía - Petróleo y Gas,ARS,2,0.0,0.0,0.0,0.0,,,0.9363,2027-05-07,41.19,True
YM38C,YPF S.A.,30546689979,Energía - Petróleo y Gas,EXT,1,0.0,0.0,0.0,0.0,,,1.1444,2027-07-22,41.19,True
YM38C,YPF S.A.,30546689979,Energía - Petróleo y Gas,EXT,2,0.0,0.0,0.0,0.0,,,1.1444,2027-07-22,41.19,True
YM38X,YPF S.A.,30546689979,Energía - Petróleo y Gas,ARS,1,0.0,0.0,0.0,0.0,,,1.1444,2027-07-22,41.19,True
YM38X,YPF S.A.,30546689979,Energía - Petróleo y Gas,ARS,2,0.0,0.0,0.0,0.0,,,1.1444,2027-07-22,41.19,True
YM39C,YPF S.A.,30546689979,Energía - Petróleo y Gas,EXT,1,0.0,0.0,0.0,0.0,,,4.1451,2030-07-22,41.19,True
YM40X,YPF S.A.,30546689979,Energía - Petróleo y Gas,ARS,1,0.0,0.0,0.0,0.0,,,2.2478,2028-08-28,41.19,True
YM40Y,YPF S.A.,30546689979,Energía - Petróleo y Gas,USD,1,0.0,0.0,0.0,0.0,,,2.2478,2028-08-28,41.19,True
YM40Y,YPF S.A.,30546689979,Energía - Petróleo y Gas,USD,2,0.0,0.0,0.0,0.0,,,2.2478,2028-08-28,41.19,True
YM41X,YPF S.A.,30546689979,Energía - Petróleo y Gas,ARS,1,0.0,0.0,0.0,0.0,,,0.6105,2027-01-08,41.19,True
YM41Y,YPF S.A.,30546689979,Energía - Petróleo y Gas,USD,1,0.0,0.0,0.0,0.0,,,0.6105,2027-01-08,41.19,True
YM41Y,YPF S.A.,30546689979,Energía - Petróleo y Gas,USD,2,0.0,0.0,0.0,0.0,,,0.6105,2027-01-08,41.19,True
YM42X,YPF S.A.,30546689979,Energía - Petróleo y Gas,ARS,1,0.0,0.0,0.0,0.0,,,2.757,2029-03-02,41.19,True
YM42X,YPF S.A.,30546689979,Energía - Petróleo y Gas,ARS,2,0.0,0.0,0.0,0.0,,,2.757,2029-03-02,41.19,True
YMCIZ,YPF S.A.,30546689979,Energía - Petróleo y Gas,EXT,1,0.0,0.0,0.0,0.0,,,3.091,2029-07-02,41.19,True
YMCIZ,YPF S.A.,30546689979,Energía - Petróleo y Gas,EXT,2,0.0,0.0,0.0,0.0,,,3.091,2029-07-02,41.19,True
YMCJC,YPF S.A.,30546689979,Energía - Petróleo y Gas,EXT,1,0.0,0.0,0.0,0.0,,,7.3374,2033-09-30,41.19,True
YMCJX,YPF S.A.,30546689979,Energía - Petróleo y Gas,ARS,1,0.0,0.0,0.0,0.0,,,7.3374,2033-09-30,41.19,True
YMCJX,YPF S.A.,30546689979,Energía - Petróleo y Gas,ARS,2,0.0,0.0,0.0,0.0,,,7.3374,2033-09-30,41.19,True
YMCPX,YPF S.A.,30546689979,Energía - Petróleo y Gas,ARS,1,0.0,0.0,0.0,0.0,,,0.9035,2027-04-25,41.19,True
YMCPX,YPF S.A.,30546689979,Energía - Petróleo y Gas,ARS,2,0.0,0.0,0.0,0.0,,,0.9035,2027-04-25,41.19,True
YMCRO,YPF S.A.,30546689979,Energía - Petróleo y Gas,ARS,1,0.0,0.0,0.0,0.0,,,2.2888,2028-09-12,41.19,True
YMCRO,YPF S.A.,30546689979,Energía - Petróleo y Gas,ARS,2,0.0,115260.0,0.0,0.0,,,2.2888,2028-09-12,41.19,True
YMCTX,YPF S.A.,30546689979,,ARS,1,0.0,0.0,0.0,0.0,,,0.3641,2026-10-10,41.19,True
YMCTX,YPF S.A.,30546689979,,ARS,2,0.0,0.0,0.0,0.0,,,0.3641,2026-10-10,41.19,True
YMCWO,YPF S.A.,30546689979,,ARS,1,0.0,0.0,0.0,0.0,,,0.0876,2026-07-01,41.19,True
YMCWX,YPF S.A.,30546689979,,ARS,1,0.0,0.0,0.0,0.0,,,0.0876,2026-07-01,41.19,True
YMCWX,YPF S.A.,30546689979,,ARS,2,0.0,0.0,0.0,0.0,,,0.0876,2026-07-01,41.19,True
YMCXX,YPF S.A.,30546689979,Energía - Petróleo y Gas,ARS,1,0.0,0.0,0.0,0.0,,,5.2841,2031-09-11,41.19,True
YMCXZ,YPF S.A.,30546689979,Energía - Petróleo y Gas,EXT,1,0.0,0.0,0.0,0.0,,,5.2841,2031-09-11,41.19,True
YMCZO,YPF S.A.,30546689979,Energía - Petróleo y Gas,ARS,1,0.0,0.0,0.0,0.0,,,2.3655,2028-10-10,41.19,True
ZF3BP,Zafra S.A.,30592486268,Agro,ARS,2,0.0,0.0,0.0,0.0,,,1.1335,2027-07-18,41.19,True
ZPC1O,PLAZA LOGISTICA S.R.L.,30655942382,,ARS,1,0.0,0.0,0.0,0.0,,,0.5092,2026-12-02,41.19,True
ZPC3Y,PLAZA LOGISTICA S.R.L.,30655942382,,USD,1,0.0,0.0,0.0,0.0,,,1.2621,2027-09-03,41.19,True
ZPC3Y,PLAZA LOGISTICA S.R.L.,30655942382,,USD,2,0.0,0.0,0.0,0.0,,,1.2621,2027-09-03,41.19,True
ZPC3Z,PLAZA LOGISTICA S.R.L.,30655942382,,EXT,1,0.0,0.0,0.0,0.0,,,1.2621,2027-09-03,41.19,True
ZPC3Z,PLAZA LOGISTICA S.R.L.,30655942382,,EXT,2,0.0,0.0,0.0,0.0,,,1.2621,2027-09-03,41.19,True
